day,sc_loss_no_repair,sc_loss_with_repair
1,19.62602495859241,19.62602495859241
2,19.62602495859241,17.547972644375378
3,19.62602495859241,17.547972644375378
4,19.62602495859241,0.0
5,19.62602495859241,0.0
6,19.62602495859241,0.0
7,19.62602495859241,0.0
8,19.62602495859241,0.0
9,19.62602495859241,0.0
10,19.62602495859241,0.0
11,19.62602495859241,0.0
12,19.62602495859241,0.0
13,19.62602495859241,0.0
14,19.62602495859241,0.0
15,19.62602495859241,0.0
16,19.62602495859241,0.0
17,19.62602495859241,0.0
18,19.62602495859241,0.0
19,19.62602495859241,0.0
20,19.62602495859241,0.0
21,19.62602495859241,0.0
22,19.62602495859241,0.0
23,19.62602495859241,0.0
24,19.62602495859241,0.0
25,19.62602495859241,0.0
26,19.62602495859241,0.0
27,19.62602495859241,0.0
28,19.62602495859241,0.0
29,19.62602495859241,0.0
30,19.62602495859241,0.0
31,19.62602495859241,0.0
32,19.62602495859241,0.0
33,19.62602495859241,0.0
34,19.62602495859241,0.0
35,19.62602495859241,0.0
36,19.62602495859241,0.0
37,19.62602495859241,0.0
38,19.62602495859241,0.0
39,19.62602495859241,0.0
40,19.62602495859241,0.0
41,19.62602495859241,0.0
42,19.62602495859241,0.0
43,19.62602495859241,0.0
44,19.62602495859241,0.0
45,19.62602495859241,0.0
46,19.62602495859241,0.0
47,19.62602495859241,0.0
48,19.62602495859241,0.0
49,19.62602495859241,0.0
50,19.62602495859241,0.0
51,19.62602495859241,0.0
52,19.62602495859241,0.0
53,19.62602495859241,0.0
54,19.62602495859241,0.0
55,19.62602495859241,0.0
56,19.62602495859241,0.0
57,19.62602495859241,0.0
58,19.62602495859241,0.0
59,19.62602495859241,0.0
60,19.62602495859241,0.0
