iteration,J
0,1.0751249939308374
1,1.0751249939308374
2,1.0751249939308374
3,1.0751249939308374
4,1.0751249939308374
5,1.0751249939308374
6,1.0751249939308374
7,1.0751249939308374
8,1.0751249939308374
9,1.0751249939308374
10,1.0751249939308374
11,1.0751249939308374
12,1.0751249939308374
13,1.0751249939308374
14,1.0751249939308374
15,1.0751249939308374
16,1.0751249939308374
17,1.0751249939308374
18,1.071731220906802
19,1.071731220906802
20,1.0483147008773117
21,1.0483147008773117
22,1.0483147008773117
23,1.0483147008773117
24,1.0483147008773117
25,1.0483147008773117
26,1.0483147008773117
27,1.0483147008773117
28,1.0483147008773117
29,1.0483147008773117
30,1.0483147008773117
31,1.0483147008773117
32,1.0483147008773117
33,1.0466294017546232
34,1.0466294017546232
35,1.0466294017546232
36,1.0466294017546232
37,1.0466294017546232
38,1.0466294017546232
39,1.0466294017546232
40,1.0466294017546232
41,1.0466294017546232
42,1.0466294017546232
43,1.046549992776205
44,1.046549992776205
45,1.046549992776205
46,1.046549992776205
47,1.046549992776205
48,1.046549992776205
49,1.046549992776205
50,1.046549992776205
51,1.046549992776205
52,1.046549992776205
53,1.046549992776205
54,1.046549992776205
55,1.046549992776205
56,1.046549992776205
57,1.046549992776205
58,1.046549992776205
59,1.046549992776205
60,1.046549992776205
61,1.046549992776205
62,1.046549992776205
63,1.046549992776205
64,1.046549992776205
65,1.046549992776205
66,1.046549992776205
67,1.046549992776205
68,1.046549992776205
69,1.046549992776205
70,1.046549992776205
71,1.046549992776205
72,1.046549992776205
73,1.046549992776205
74,1.046549992776205
75,1.046549992776205
76,1.046549992776205
77,1.046549992776205
78,1.0464705837977866
79,1.0464705837977866
80,1.0464705837977866
81,1.0464705837977866
82,1.0464705837977866
83,1.0464705837977866
84,1.0464705837977866
85,1.0464705837977866
86,1.0464705837977866
87,1.0464705837977866
88,1.0464705837977866
89,1.0464705837977866
90,1.0464705837977866
91,1.0464705837977866
92,1.0464705837977866
93,1.0464705837977866
94,1.0464705837977866
95,1.0464705837977866
96,1.0464705837977866
97,1.0464705837977866
98,1.0464705837977866
99,1.0464705837977866
100,1.0464705837977866
101,1.0464705837977866
102,1.0464705837977866
103,1.0464705837977866
104,1.0464705837977866
105,1.0464705837977866
106,1.0464705837977866
107,1.0464705837977866
108,1.0464705837977866
109,1.0464705837977866
110,1.0464705837977866
111,1.0464705837977866
112,1.0464705837977866
113,1.0464705837977866
114,1.0464705837977866
115,1.0464705837977866
116,1.0464705837977866
117,1.0464705837977866
118,1.0464705837977866
119,1.0464705837977866
120,1.0464705837977866
121,1.0464705837977866
122,1.0464705837977866
123,1.0464705837977866
124,1.0464705837977866
125,1.0464705837977866
126,1.0464705837977866
127,1.0464705837977866
128,1.0464705837977866
129,1.0464705837977866
130,1.0464705837977866
131,1.0464705837977866
132,1.0464705837977866
133,1.0464705837977866
134,1.0464705837977866
135,1.0464705837977866
136,1.0464705837977866
137,1.0464705837977866
138,1.0464705837977866
