segment_id,corridor_id,highway,length,metapath_priority,is_metapath_hard,metapath_pairs
S0,竹林交流道,motorway_link,203.80055362143614,None,False,
S1,竹科交流道東向出口,trunk_link,623.0500104245019,None,False,
S2,竹科交流道,trunk_link,281.5992743693528,None,False,
S3,4,primary,249.59739036286805,None,False,
S4,機場系統交流道,motorway_link,363.831083385859,None,False,
S5,2,motorway,806.2659214057771,None,False,
S6,機場系統交流道,motorway_link,463.86026831746074,None,False,
S7,機場系統交流道,motorway_link,938.0923024104862,None,False,
S8,大竹交流道,motorway_link,229.73670461584507,None,False,
S9,2,motorway,1160.9619251995234,None,False,
S10,桃園交流道,motorway_link,255.68519806139437,None,False,
S11,1,motorway,501.6399435559296,None,False,
S12,1,motorway,949.5587124891739,None,False,
S13,桃園交流道,motorway_link,303.11712366139545,None,False,
S14,桃園交流道,motorway_link,200.28767349469243,None,False,
S15,桃園交流道,motorway_link,147.46181565615018,None,False,
S16,4,primary,249.49008485638547,None,False,
S17,4,primary,306.24517659058773,None,False,
S18,4,primary,558.9086155677975,None,False,
S19,4,"['primary', 'motorway_link']",176.22628996714553,None,False,
S20,桃園交流道,motorway_link,84.01724286122399,None,False,
S21,桃園交流道,motorway_link,295.032929222611,None,False,
S22,1,motorway,946.5418260688541,None,False,
S23,2,motorway,1120.960445903646,None,False,
S24,2,motorway,592.3379867424587,None,False,
S25,南桃園交流道,motorway_link,212.84415760633593,None,False,
S26,2,motorway,847.7362842089203,None,False,
S27,2,motorway,849.8493997822623,None,False,
S28,機場系統交流道,motorway_link,304.2588367189854,None,False,
S29,大溪交流道,motorway_link,454.5497136662014,None,False,
S30,3,motorway,1839.1233274437127,None,False,
S31,3,motorway,2971.610709260835,None,False,
S32,segment_32,motorway_link,279.72321319002737,None,False,
S33,3,motorway,981.8029674972529,None,False,
S34,3,motorway,1026.4342560818438,None,False,
S35,3,motorway,709.276779565262,None,False,
S36,segment_36,motorway_link,1062.308800174561,None,False,
S37,3,motorway,3269.873966756075,None,False,
S38,關西交流道,motorway_link,188.2118162660402,None,False,
S39,關西交流道,motorway_link,143.08602672645233,None,False,
S40,關西交流道,motorway_link,197.95474916222093,None,False,
S41,3,primary,271.16884136707614,None,False,
S42,3,primary,209.53877844268266,None,False,
S43,3,primary,271.16884136707614,None,False,
S44,3;120,primary,6787.754808657997,None,False,
S45,segment_45,primary,49.294686627355524,None,False,
S46,3,primary,42.30813440948647,None,False,
S47,3,primary,1744.6090692566893,None,False,
S48,3,primary,301.4859468830825,None,False,
S49,1,primary,6519.171352245592,None,False,
S50,3,primary,10.012360530750584,None,False,
S51,3,primary,4097.035334471446,None,False,
S52,南桃園交流道,motorway_link,341.9753426303903,None,False,
S53,4,primary,2760.1523365342487,None,False,
S54,4,primary,9.000864368670042,None,False,
S55,3;4,primary,1209.053737780694,None,False,
S56,segment_56,primary_link,62.044751597265154,None,False,
S57,4,primary,306.7561162550208,None,False,
S58,4,primary,2759.3942396023253,None,False,
S59,4,primary,46.43820953585914,None,False,
S60,3,primary,56.69724153003712,None,False,
S61,segment_61,primary_link,33.492042633111005,None,False,
S62,4,primary,3639.3124366138154,None,False,
S63,4,primary,54.306412094991025,None,False,
S64,中壢交流道,motorway_link,444.2754481382484,None,False,
S65,1,motorway,499.6083043421592,None,False,
S66,1,motorway,651.8545072800187,None,False,
S67,幼獅交流道,motorway_link,273.1995480353831,None,False,
S68,1,motorway,1943.8986283193585,None,False,
S69,竹北交流道,motorway_link,373.321623105665,None,False,
S70,1,motorway,811.7589872564491,None,False,
S71,1,motorway,1906.944981811934,None,False,
S72,1,motorway,1555.7672644070306,None,False,
S73,平鎮系統交流道,motorway_link,241.54060106773557,None,False,
S74,1,motorway,1338.0657485087547,None,False,
S75,1,motorway,308.0090001550405,None,False,
S76,1,motorway,1373.3526212129386,None,False,
S77,segment_77,motorway_link,250.0810671474718,None,False,
S78,1,motorway,946.8498310045293,None,False,
S79,1,motorway,3693.1251490362315,None,False,
S80,新竹交流道,motorway_link,1099.351526649074,None,False,
S81,1,motorway,1064.1926759522655,None,False,
S82,新竹交流道,motorway_link,788.857784789929,None,False,
S83,1,motorway,1047.2717054320685,None,False,
S84,竹林交流道,motorway_link,205.49463065780475,None,False,
S85,3,motorway,854.9425131820713,None,False,
S86,3,motorway,5790.839163886522,None,False,
S87,竹北交流道,motorway_link,272.7455713314722,None,False,
S88,竹北交流道,motorway_link,191.39232601350605,None,False,
S89,竹北交流道,motorway_link,130.0534824297923,None,False,
S90,1,primary,16.887263744249903,None,False,
S91,1,primary,8.336602934842025,None,False,
S92,1;112,primary,545.484721842144,None,False,
S93,大溪交流道,motorway_link,342.20480340994857,None,False,
S94,大溪交流道,motorway_link,707.2184741538122,None,False,
S95,3乙,primary,21.790908207170084,None,False,
S96,segment_96,primary,120.48600542161681,None,False,
S97,3乙,primary,4691.797775749954,None,False,
S98,segment_98,trunk_link,44.40098223441236,None,False,
S99,66,trunk,1389.6000320292073,None,False,
S100,竹林交流道,motorway_link,283.0401201114061,None,False,
S101,3,motorway,781.8026301502604,None,False,
S102,竹林交流道,motorway_link,329.88573838828404,None,False,
S103,68,trunk,2335.4447097373686,None,False,
S104,68,trunk,3467.3419711466418,None,False,
S105,2,motorway,916.8926365951212,None,False,
S106,南桃園交流道,motorway_link,170.8458837113193,None,False,
S107,segment_107,primary_link,12.819225970263005,None,False,
S108,平鎮三交流道,trunk_link,608.700221219438,None,False,
S109,66,trunk,1300.770499886261,None,False,
S110,平鎮二交流道,trunk_link,533.416794434483,None,False,
S111,66,trunk,1120.6927611659855,None,False,
S112,平鎮系統交流道,motorway_link,376.58644750703814,None,False,
S113,平鎮系統交流道,trunk_link,545.7574252460518,None,False,
S114,平鎮系統交流道,motorway_link,111.78893152973498,None,False,
S115,segment_115,motorway_link,477.84721576327536,None,False,
S116,1,motorway,640.5245469140189,None,False,
S117,segment_117,motorway_link,621.6572107020539,None,False,
S118,機場系統交流道,motorway_link,683.1196079009522,None,False,
S119,機場系統交流道,motorway_link,920.4551548391912,None,False,
S120,機場系統交流道,motorway_link,339.27851895051003,None,False,
S121,1,motorway,1651.552098554163,None,False,
S122,機場系統交流道,motorway_link,425.24779394770917,None,False,
S123,1,motorway,1536.2510569311569,None,False,
S124,機場系統交流道,motorway_link,307.92260322716135,None,False,
S125,2,motorway,2746.753070221267,None,False,
S126,31,primary,572.7078131060097,None,False,
S127,31,primary,115.64023550479726,None,False,
S128,大竹交流道,motorway_link,516.4919117813176,None,False,
S129,31,primary,173.47321253365027,None,False,
S130,31,primary,286.80945010321824,None,False,
S131,大竹交流道,motorway_link,591.4321011226438,None,False,
S132,4,primary,43.47883915195026,None,False,
S133,3乙,primary,68.83133528398886,None,False,
S134,3乙,primary,26.641669264268344,None,False,
S135,4,primary,20.755937923563287,None,False,
S136,3乙,primary,452.9115515025617,None,False,
S137,3乙,primary,2140.9321474702297,None,False,
S138,segment_138,primary,8.105626586007544,None,False,
S139,3乙,primary,2130.756539983411,None,False,
S140,3乙,primary,24.024608102645885,None,False,
S141,3乙,primary,9.009576891312639,None,False,
S142,桃園交流道,motorway_link,318.90425136707955,None,False,
S143,4,primary_link,108.6573604613321,None,False,
S144,桃園交流道,motorway_link,17.715456179913517,None,False,
S145,4,primary,125.59947329920928,None,False,
S146,南青路,primary,75.11685298199173,None,False,
S147,31,primary,421.3150064477055,None,False,
S148,31,primary,379.2117600060967,None,False,
S149,內壢交流道,motorway_link,1020.4309510903341,None,False,
S150,內壢交流道,motorway_link,210.5874975035496,None,False,
S151,1,motorway,1128.8238787223856,None,False,
S152,1,motorway,424.6411222682529,None,False,
S153,內壢交流道,motorway_link,346.3041723149295,None,False,
S154,內壢交流道,motorway_link,498.8065843896316,None,False,
S155,內壢交流道,motorway_link,1339.9940295341037,None,False,
S156,segment_156,primary_link,55.27250381134584,None,False,
S157,1;110甲,primary,804.1435208672891,None,False,
S158,7,primary,5.352061750685599,None,False,
S159,3,primary,1350.2150957704698,None,False,
S160,7,primary,308.8158006281656,None,False,
S161,7,primary,4744.240741863787,None,False,
S162,7,primary,180.76221780136967,None,False,
S163,7,primary,308.8158006281656,None,False,
S164,segment_164,primary_link,201.68184506855027,None,False,
S165,61,primary,127.00952064087991,None,False,
S166,61,primary,21.62664068321532,None,False,
S167,66,primary,100.80158165626838,None,False,
S168,61,primary,102.52531105499685,None,False,
S169,66,primary,137.69973222448695,None,False,
S170,1,motorway,1351.3896690042961,None,False,
S171,新竹交流道,motorway_link,411.92325756573837,None,False,
S172,新竹交流道,motorway_link,263.4407944915123,None,False,
S173,新竹交流道,motorway_link,617.888165592592,None,False,
S174,新竹交流道,motorway_link,114.80340131990278,None,False,
S175,新竹交流道,motorway_link,118.96399136800056,None,False,
S176,新竹交流道,motorway_link,214.95489784021777,None,False,
S177,新竹交流道,motorway_link,146.17111392332902,None,False,
S178,新竹交流道,motorway_link,648.4676264614247,None,False,
S179,新竹交流道,motorway_link,251.70330699813834,None,False,
S180,新竹交流道,motorway_link,92.79485968349312,None,False,
S181,新竹交流道,motorway_link,692.0147096206664,None,False,
S182,1,motorway,1937.7434560521947,None,False,
S183,新竹交流道,motorway_link,125.35974639021762,None,False,
S184,平鎮系統交流道,trunk_link,291.0442492477777,None,False,
S185,66,trunk,1383.1154152997499,None,False,
S186,1,motorway,1344.7348508659713,None,False,
S187,31,primary,352.35067344249234,None,False,
S188,31,primary_link,145.89867455278753,None,False,
S189,31,primary,85.31292776559944,None,False,
S190,竹北交流道,motorway_link,503.61574114996677,None,False,
S191,新竹交流道,motorway_link,547.4862431168175,None,False,
S192,竹北交流道,motorway_link,176.1703855079994,None,False,
S193,竹北交流道,motorway_link,127.77007734208355,None,False,
S194,3乙,primary,10.829783118520089,None,False,
S195,3,primary,298.2793160162526,None,False,
S196,3乙,primary,4123.727586325975,None,False,
S197,3乙,primary,25.074498554242872,None,False,
S198,新竹交流道,motorway_link,98.6360760485099,None,False,
S199,新竹交流道,motorway_link,175.71478168206653,None,False,
S200,新竹交流道,motorway_link,439.82014685159277,None,False,
S201,segment_201,primary,35.74605380467117,None,False,
S202,31,primary,352.0924926963751,None,False,
S203,新竹交流道,motorway_link,358.18985841778806,None,False,
S204,4,primary,1650.960161139997,None,False,
S205,4,primary,5789.623782295281,None,False,
S206,新竹交流道,motorway_link,1249.6212155575035,None,False,
S207,1,motorway,979.4262200164958,None,False,
S208,segment_208,motorway_link,802.3288208676879,None,False,
S209,segment_209,motorway_link,953.1585751373111,None,False,
S210,3,motorway,2447.467487590823,None,False,
S211,1,motorway,12377.374599724963,None,False,
S212,新竹交流道,motorway_link,654.4079331184596,None,False,
S213,新竹交流道,motorway_link,149.85661099945256,None,False,
S214,新竹交流道,motorway_link,303.6811698548614,None,False,
S215,新竹交流道,motorway_link,124.96730890716579,None,False,
S216,31,primary_link,81.83050517340257,None,False,
S217,1,primary,77.04603027091255,None,False,
S218,龍潭交流道,motorway_link,253.66574733687997,None,False,
S219,龍潭交流道,motorway_link,326.3039874854254,None,False,
S220,3,motorway,914.8148091085482,None,False,
S221,龍潭交流道,motorway_link,244.63797051339105,None,False,
S222,龍潭交流道,motorway_link,293.9023620404144,None,False,
S223,龍潭交流道,motorway_link,305.9346578119362,None,False,
S224,新竹交流道,motorway_link,113.33918203860034,None,False,
S225,新竹交流道,motorway_link,103.85850087245015,None,False,
S226,龍潭交流道,motorway_link,132.92149355909078,None,False,
S227,3,motorway,909.4894559609112,None,False,
S228,龍潭交流道,motorway_link,211.0518529412605,None,False,
S229,龍潭交流道,motorway_link,385.32177293314595,None,False,
S230,龍潭交流道,motorway_link,149.55039844231658,None,False,
S231,龍潭交流道,motorway_link,171.0576877849727,None,False,
S232,3,motorway,4641.021028602332,None,False,
S233,龍潭交流道,motorway_link,380.2737803611756,None,False,
S234,龍潭交流道,motorway_link,402.54743444200597,None,False,
S235,龍潭交流道,motorway_link,254.85538582746707,None,False,
S236,竹林交流道,motorway_link,401.109083115167,None,False,
S237,桃園交流道,motorway_link,272.90681645103064,None,False,
S238,segment_238,primary,44.93892898085081,None,False,
S239,高鐵北路三段,primary,391.4990235542739,None,False,
S240,31,primary_link,868.6961000154739,None,False,
S241,31,primary,502.91613190235825,None,False,
S242,南青路,primary,68.01000812249363,None,False,
S243,31,primary_link,796.7522733323741,None,False,
S244,segment_244,primary_link,13.581237459235297,None,False,
S245,31,primary_link,83.67650709861779,None,False,
S246,竹科交流道,trunk_link,146.47404529780536,None,False,
S247,竹科交流道,trunk_link,283.0733214021147,None,False,
S248,2,motorway,1570.160616579928,None,False,
S249,1,motorway,1500.5737721726334,None,False,
S250,機場系統交流道,motorway_link,305.2674438498739,None,False,
S251,31,primary_link,307.5346887812966,None,False,
S252,31,primary_link,394.9801966210924,None,False,
S253,南青路,primary,72.76306109815779,None,False,
S254,31,primary_link,596.810900761863,None,False,
S255,大溪交流道,motorway_link,444.6210049694339,None,False,
S256,4,primary,9.000864368670042,None,False,
S257,3,primary,1354.8478190890048,None,False,
S258,segment_258,motorway_link,15.053898573701241,None,False,
S259,3,motorway,1228.1883357564689,None,False,
S260,61,primary,17.110408839479785,None,False,
S261,61,primary,83.62556726550582,None,False,
S262,66,primary,135.39793529799155,None,False,
S263,平鎮系統交流道,motorway_link,365.9874490832959,None,False,
S264,平鎮系統交流道,trunk_link,349.0442892976991,None,False,
S265,平鎮系統交流道,motorway_link,337.1411175119724,None,False,
S266,平鎮系統交流道,motorway_link,357.35145419314966,None,False,
S267,平鎮二交流道,trunk_link,389.0274621687345,None,False,
S268,66,trunk,1078.6927020194757,None,False,
S269,平鎮系統交流道,motorway_link,272.0093810361583,None,False,
S270,1,motorway,1165.9599967862848,None,False,
S271,中壢交流道,motorway_link,151.1424984201168,None,False,
S272,中壢交流道,motorway_link,121.91679466726222,None,False,
S273,3,motorway,1008.8360219172159,None,False,
S274,南桃園交流道,motorway_link,287.44783845704336,None,False,
S275,3,primary,823.1807812996379,None,False,
S276,3乙,primary,4691.797775749956,None,False,
S277,3,primary,1381.3896897875281,None,False,
S278,3,motorway,1423.4336627870855,None,False,
S279,大溪交流道,motorway_link,323.1321943554444,None,False,
S280,1,motorway,245.46488238367783,None,False,
S281,66,trunk,1832.2563978842122,None,False,
S282,3,primary,823.1807812996379,None,False,
S283,3,primary,285.67055002306506,None,False,
S284,平鎮系統交流道,trunk_link,68.16043384437204,None,False,
S285,3,motorway,4413.073052890217,None,False,
S286,竹科交流道,trunk_link,223.71184773811345,None,False,
S287,竹科交流道,trunk_link,379.42369992291657,None,False,
S288,竹科交流道西向出口,trunk_link,554.0290039628183,None,False,
S289,竹科交流道,trunk_link,240.9260641773097,None,False,
S290,竹科交流道,trunk_link,251.1967404681343,None,False,
S291,68,trunk,1485.961008593085,None,False,
S292,新竹交流道,motorway_link,205.45970583175543,None,False,
S293,新竹交流道,motorway_link,118.97077138627897,None,False,
S294,竹科交流道,trunk_link,424.9885359182616,None,False,
S295,68,trunk,1048.040997309998,None,False,
S296,竹科交流道,trunk_link,318.170300199808,None,False,
S297,68,trunk,4668.81705875462,None,False,
S298,31,primary,365.4158743768055,None,False,
S299,31,primary,319.67885197501494,None,False,
S300,31,primary,12.325877522701665,None,False,
S301,31,primary,10.937277385754983,None,False,
S302,segment_302,primary_link,105.4184823918315,None,False,
S303,1,motorway,1398.2517121318708,None,False,
S304,內壢交流道,motorway_link,269.324578650565,None,False,
S305,內壢交流道,motorway_link,553.2457830156486,None,False,
S306,內壢交流道,motorway_link,283.15459570823765,None,False,
S307,1,motorway,1226.1140102367067,None,False,
S308,內壢交流道,motorway_link,49.95981305538142,None,False,
S309,內壢交流道,motorway_link,817.1111261427222,None,False,
S310,內壢交流道,motorway_link,448.61377316465774,None,False,
S311,內壢交流道,motorway_link,59.052726687143924,None,False,
S312,內壢交流道,motorway_link,75.79512874085742,None,False,
S313,1,motorway,670.1948210299877,None,False,
S314,segment_314,primary_link,48.78063424170227,None,False,
S315,1,primary,71.97919333592029,None,False,
S316,平鎮系統交流道,motorway_link,362.44318602029097,None,False,
S317,平鎮系統交流道,motorway_link,335.62207811337,None,False,
S318,平鎮系統交流道,motorway_link,84.8067046730544,None,False,
S319,平鎮系統交流道,trunk_link,339.2464643154187,None,False,
S320,平鎮系統交流道,motorway_link,361.91221585534646,None,False,
S321,平鎮系統交流道,trunk_link,76.61833221016336,None,False,
S322,66,trunk,1380.2161536467802,None,False,
S323,平鎮系統交流道,motorway_link,265.60266319481116,None,False,
S324,平鎮系統交流道,motorway_link,298.9524822376046,None,False,
S325,平鎮系統交流道,trunk_link,322.31443106641507,None,False,
S326,平鎮系統交流道,motorway_link,525.6199028256184,None,False,
S327,平鎮系統交流道,motorway_link,130.94404547451802,None,False,
S328,平鎮系統交流道,motorway_link,386.1069303925377,None,False,
S329,平鎮系統交流道,trunk_link,290.65133140134765,None,False,
S330,平鎮系統交流道,motorway_link,316.87652708017464,None,False,
S331,平鎮系統交流道,motorway_link,277.3236168727406,None,False,
S332,龍潭交流道,motorway_link,553.94868760526,None,False,
S333,1,motorway,10431.42240576839,None,False,
S334,1,motorway,1837.9547598803847,None,False,
S335,關西交流道,motorway_link,857.261491811762,None,False,
S336,3,motorway,488.0745881623459,None,False,
S337,竹東端,trunk_link,49.61818135516796,None,False,
S338,竹東端,trunk_link,42.15204860737644,None,False,
S339,68,trunk,3465.50411575608,None,False,
S340,竹東二交流道,trunk_link,1798.9788448828538,None,False,
S341,3,motorway,1229.5430577429577,None,False,
S342,68,trunk,2280.526580174348,None,False,
S343,芎林交流道,trunk_link,228.57471118886554,None,False,
S344,segment_344,primary_link,133.1991237735957,None,False,
S345,66,primary,120.54431165134638,None,False,
S346,66,primary,680.0959146514455,None,False,
S347,66,primary,716.9469345445515,None,False,
S348,segment_348,motorway_link,93.54374379491985,None,False,
S349,3,motorway,471.827605943073,None,False,
S350,3,motorway,1580.495492531737,None,False,
S351,3,motorway,1270.710451274607,None,False,
S352,segment_352,motorway_link,469.1365608284911,None,False,
S353,大溪交流道,motorway_link,343.7322187490735,None,False,
S354,66,trunk,2226.856765832448,None,False,
S355,segment_355,primary_link,12.819225970263005,None,False,
S356,segment_356,primary_link,93.49400835001514,None,False,
S357,大溪端,trunk_link,467.10311373542515,None,False,
S358,66,motorway_link,1764.937694257619,None,False,
S359,平鎮三交流道,trunk_link,557.030032080256,None,False,
S360,66,trunk,1302.9586688314946,None,False,
S361,平鎮系統交流道,trunk_link,90.66997978774164,None,False,
S362,66,trunk,1737.649855090207,None,False,
S363,66,trunk,1741.5996437402282,None,False,
S364,3,motorway,1646.2761679367993,None,False,
S365,關西交流道,motorway_link,105.4878771146553,None,False,
S366,關西交流道,motorway_link,187.42111380061414,None,False,
S367,關西交流道,motorway_link,830.7595938298624,None,False,
S368,關西交流道,motorway_link,748.8933887602818,None,False,
S369,3,motorway,10709.864216377784,None,False,
S370,66,trunk,1801.3464854219799,None,False,
S371,66,primary,2896.3918947827983,None,False,
S372,平鎮二交流道,trunk_link,512.1007215344765,None,False,
S373,66,primary,173.02269874782607,None,False,
S374,7,primary,5.352061750685599,None,False,
S375,7,primary,4744.240741863786,None,False,
S376,3,primary,883.6716182092774,None,False,
S377,2,motorway,1037.360196300335,None,False,
S378,機場系統交流道,motorway_link,625.384420750375,None,False,
S379,機場系統交流道,motorway_link,1037.4958413156273,None,False,
S380,3;竹37;竹45,primary,1404.6816522537051,None,False,
S381,3,primary,195.14075357742718,None,False,
S382,3,primary,548.458937015714,None,False,
S383,寶山交流道,motorway_link,112.2030401391839,None,False,
S384,segment_384,primary_link,126.00475414932019,None,False,
S385,南桃園交流道,motorway_link,630.4400244399834,None,False,
S386,南桃園交流道,motorway_link,592.843161588109,None,False,
S387,1,motorway,912.7167386665232,None,False,
S388,segment_388,motorway_link,340.13553346129873,None,False,
S389,1,motorway,712.5338115183927,None,False,
S390,segment_390,motorway_link,185.0916388157312,None,False,
S391,segment_391,motorway_link,399.1836357935146,None,False,
S392,segment_392,motorway_link,351.07443227327803,None,False,
S393,segment_393,motorway_link,425.0618586639617,None,False,
S394,1,motorway,785.241060628891,None,False,
S395,1,motorway,1742.7805685644255,None,False,
S396,3,primary,10.133111281271594,None,False,
S397,3乙,primary,43.204197773041585,None,False,
S398,3,primary,48.57564547633039,None,False,
S399,高原交流道,motorway_link,66.09164158003216,None,False,
S400,寶山交流道,motorway_link,86.40427340659473,None,False,
S401,3,motorway,7543.788322190291,None,False,
S402,寶山交流道,motorway_link,490.64780154106984,None,False,
S403,寶山交流道,motorway_link,477.6606829045394,None,False,
S404,3,motorway,1038.6417749482691,None,False,
S405,寶山交流道,motorway_link,475.64702979932963,None,False,
S406,3,motorway,1116.722729359667,None,False,
S407,寶山交流道,motorway_link,170.03010327246903,None,False,
S408,寶山交流道,motorway_link,127.82347701978374,None,False,
S409,寶山交流道,motorway_link,409.909479455491,None,False,
S410,南桃園交流道,motorway_link,101.4118280040223,None,False,
S411,南桃園交流道,motorway_link,564.7201715974256,None,False,
S412,南桃園交流道,motorway_link,502.1928086109386,None,False,
S413,南桃園交流道,motorway_link,205.7340900909341,None,False,
S414,新竹交流道,motorway_link,80.97902581450509,None,False,
S415,新竹交流道,motorway_link,68.8226470015293,None,False,
S416,1,motorway,1486.3250805445848,None,False,
S417,新竹交流道,motorway_link,4.554860955936036,None,False,
S418,芎林交流道,trunk_link,67.94260210135361,None,False,
S419,新竹交流道,motorway_link,137.5712549958051,None,False,
S420,新竹交流道,motorway_link,17.230667499511995,None,False,
S421,新竹交流道,motorway_link,19.84370664882446,None,False,
S422,新竹交流道,motorway_link,10.549902417828214,None,False,
S423,新竹交流道,motorway_link,12.231090013444565,None,False,
S424,新竹交流道,motorway_link,22.647784804569252,None,False,
S425,新竹交流道,motorway_link,18.61719372914186,None,False,
S426,新竹交流道,motorway_link,128.52650468446163,None,False,
S427,新竹交流道,motorway_link,223.2879042530283,None,False,
S428,新竹交流道,motorway_link,254.2212478092387,None,False,
S429,新竹交流道,motorway_link,356.82682320599224,None,False,
S430,segment_430,trunk_link,77.54789891998914,None,False,
S431,66,trunk,1940.8125462121134,None,False,
S432,66,primary,1945.0328952254717,None,False,
S433,1,motorway,1667.8850160620361,None,False,
S434,中壢交流道,motorway_link,272.30692685360805,None,False,
S435,1,motorway,714.8860857376186,None,False,
S436,中壢交流道,motorway_link,206.54585965543365,None,False,
S437,中壢交流道,motorway_link,225.66914946495444,None,False,
S438,中壢交流道,motorway_link,341.9034357256996,None,False,
S439,中壢交流道,motorway_link,130.2309581509517,None,False,
S440,中壢交流道,motorway_link,235.23183079943988,None,False,
S441,桃園交流道,motorway_link,185.61501602545505,None,False,
S442,桃園交流道,motorway_link,281.7559389736535,None,False,
S443,66,primary,199.49445354460784,None,False,
S444,66,primary,14.530458034468039,None,False,
S445,31,primary,53.401169306820606,None,False,
S446,66,primary,77.33207689111043,None,False,
S447,31,primary,29.62424918509928,None,False,
S448,segment_448,trunk_link,112.19100405710343,None,False,
S449,66,primary,997.59791213224,None,False,
S450,66,primary,463.2810713068572,None,False,
S451,66,primary,625.9465779339755,None,False,
S452,新竹交流道,motorway_link,135.6944101916572,None,False,
S453,機場系統交流道,motorway_link,536.2303058732185,None,False,
S454,機場系統交流道,motorway_link,776.9044848178023,None,False,
S455,機場系統交流道,motorway_link,219.32464897539637,None,False,
S456,機場系統交流道,motorway_link,238.4579169312668,None,False,
S457,大竹交流道,motorway_link,148.02873528955175,None,False,
S458,大竹交流道,motorway_link,224.25499999583505,None,False,
S459,大竹交流道,motorway_link,501.55013417039714,None,False,
S460,大竹交流道,motorway_link,833.4222326803048,None,False,
S461,31,primary,471.2762071392532,None,False,
S462,大竹交流道,motorway_link,861.1823827080815,None,False,
S463,大竹交流道,motorway_link,475.2860790232089,None,False,
S464,大竹交流道,motorway_link,266.6939558281276,None,False,
S465,大竹交流道,motorway_link,332.06191248527966,None,False,
S466,大竹交流道,motorway_link,371.4630672020594,None,False,
S467,2,motorway,1230.838785817723,None,False,
S468,大竹交流道,motorway_link,489.59709657943415,None,False,
S469,31,primary,485.8807969179842,None,False,
S470,新竹交流道,motorway_link,313.0294119600467,None,False,
S471,新竹交流道,motorway_link,333.5752026877595,None,False,
S472,新竹交流道,motorway_link,102.19306454875093,None,False,
S473,新竹交流道,motorway_link,188.76577790221478,None,False,
S474,新竹交流道,motorway_link,410.1525799196703,None,False,
S475,新竹交流道,motorway_link,12.004742461548672,None,False,
S476,新竹交流道,motorway_link,78.5975123777206,None,False,
S477,segment_477,primary,78.03193420584748,None,False,
S478,3乙,primary,46.16029967235607,None,False,
S479,3,primary,4908.1688504765625,None,False,
S480,3,primary,593.1289648175381,None,False,
S481,南桃園交流道,motorway_link,335.2087901674901,None,False,
S482,南桃園交流道,motorway_link,674.6042935288713,None,False,
S483,segment_483,motorway_link,15.053898573701241,None,False,
S484,3,motorway,804.5899932203636,None,False,
S485,segment_485,primary_link,157.64384033022367,None,False,
S486,1,motorway,921.5727810354216,None,False,
S487,66,primary,695.153127498581,None,False,
S488,66,primary_link,697.2273227596932,None,False,
S489,segment_489,trunk_link,364.4336444925946,None,False,
S490,segment_490,primary_link,166.74105014543406,None,False,
S491,15,primary,89.81007666365228,None,False,
S492,66,primary,1501.9025867624775,None,False,
S493,15,primary,4419.720677989914,None,False,
S494,segment_494,primary_link,207.99047646341893,None,False,
S495,15,primary,84.04103483249446,None,False,
S496,61,primary,76.61567498029942,None,False,
S497,segment_497,primary_link,116.1220541153753,None,False,
S498,segment_498,primary_link,126.58588424207213,None,False,
S499,15,primary,147.53473846060214,None,False,
S500,大溪交流道,motorway_link,229.9768579507832,None,False,
S501,大溪交流道,motorway_link,136.47185995472987,None,False,
S502,平鎮系統交流道,motorway_link,323.85633436111783,None,False,
S503,平鎮系統交流道,motorway_link,144.07050314029303,None,False,
S504,segment_504,trunk_link,83.348392022978,None,False,
S505,66,primary,1935.9645043048945,None,False,
S506,66,"['trunk_link', 'trunk']",870.1984719060727,None,False,
S507,segment_507,trunk_link,448.40321549017074,None,False,
S508,66,trunk,1124.0528716007307,None,False,
S509,66,primary_link,16.597817107852514,None,False,
S510,66,primary,129.46713162499464,None,False,
S511,segment_511,primary_link,170.08157578618722,None,False,
S512,66,primary_link,61.29818279775143,None,False,
S513,66,primary,127.19072418087231,None,False,
S514,66,primary,70.44611411300286,None,False,
S515,segment_515,primary_link,98.59528862690817,None,False,
S516,66,primary_link,15.656489912068123,None,False,
S517,66,primary,143.88267360100932,None,False,
S518,segment_518,trunk_link,408.62312830924105,None,False,
S519,segment_519,primary_link,519.8824907248294,None,False,
S520,66,primary,516.4771777517257,None,False,
S521,segment_521,trunk_link,477.4994919559005,None,False,
S522,66,trunk,1128.4619697450185,None,False,
S523,66,"['trunk_link', 'trunk']",2378.6804540468493,None,False,
S524,66,"['trunk_link', 'trunk']",2381.911553165522,None,False,
S525,66,primary,2257.755700396714,None,False,
S526,66,primary,1474.2067623801395,None,False,
S527,15,primary,30.585712900225644,None,False,
S528,66,primary,101.86322270360989,None,False,
S529,66,primary,12.578837151677341,None,False,
S530,15,primary,78.85792113044978,None,False,
S531,66,primary,11.459127342439547,None,False,
S532,15,primary,87.60577445414451,None,False,
S533,segment_533,primary_link,109.51994443238051,None,False,
S534,66,primary,97.91413263606132,None,False,
S535,1,motorway,1159.1573680933134,None,False,
S536,機場系統交流道,motorway_link,1019.6072395383668,None,False,
S537,1,motorway,1050.9086599018947,None,False,
S538,1,motorway,1887.823689283994,None,False,
S539,芎林交流道,trunk_link,76.80778929868274,None,False,
S540,芎林交流道,trunk_link,52.8270531851437,None,False,
S541,芎林交流道,trunk_link,229.86155599691773,None,False,
S542,芎林交流道,trunk_link,261.9681167515915,None,False,
S543,68,trunk,656.1521246170264,None,False,
S544,68,trunk,4714.540073107752,None,False,
S545,芎林交流道,trunk_link,128.06494401669346,None,False,
S546,芎林交流道,trunk_link,113.35165190707697,None,False,
S547,68,trunk,788.4638533121137,None,False,
S548,芎林交流道,trunk_link,175.8016196762955,None,False,
S549,竹林交流道南向入口,motorway_link,93.16056495340499,None,False,
S550,竹林交流道,motorway_link,220.02254461803946,None,False,
S551,竹林交流道,motorway_link,215.20547538478917,None,False,
S552,平鎮系統交流道,motorway_link,289.14961202518674,None,False,
S553,平鎮系統交流道,motorway_link,729.1524874411548,None,False,
S554,3,primary,274.3283737916075,None,False,
S555,3;竹42,primary,5607.046610117282,None,False,
S556,關西交流道,motorway_link,789.2297850149749,None,False,
S557,3,motorway,1491.7950163297937,None,False,
S558,31,primary,1062.9131194865622,None,False,
S559,31,primary,105.06100049616114,None,False,
S560,66,primary,45.444887277728746,None,False,
S561,31,primary_link,52.095019180486204,None,False,
S562,segment_562,primary,45.659572822523444,None,False,
S563,31,primary,417.99664927222796,None,False,
S564,66,primary,1003.0184821721159,None,False,
S565,segment_565,trunk_link,83.38839721373654,None,False,
S566,66,primary,584.5694914264075,None,False,
S567,湖口交流道,motorway_link,73.36083359417415,None,False,
S568,湖口交流道,motorway_link,619.1401715875779,None,False,
S569,66,primary,57.3548632181091,None,False,
S570,31,primary,30.039081375654874,None,False,
S571,竹北交流道,motorway_link,194.79286931512837,None,False,
S572,竹北交流道,motorway_link,122.71122037208468,None,False,
S573,segment_573,motorway_link,285.34430167612834,None,False,
S574,1,motorway,1268.4488992981874,None,False,
S575,1,motorway,3590.0434720249855,None,False,
S576,31,primary,64.41495847996023,None,False,
S577,segment_577,primary,21.69194952548721,None,False,
S578,segment_578,primary_link,64.07572496092132,None,False,
S579,31,primary,84.23597037904372,None,False,
S580,31,primary,266.9750380176949,None,False,
S581,segment_581,primary,51.14289451491214,None,False,
S582,31,primary,15.534240648026916,None,False,
S583,31,primary,48.36573261170503,None,False,
S584,66,primary,1548.785607960721,None,False,
S585,平鎮二交流道,trunk_link,400.0794778916853,None,False,
S586,66,primary,194.96434890821322,None,False,
S587,1,primary,28.346990309060246,None,False,
S588,66,primary,1558.5731050626691,None,False,
S589,66,trunk,2230.0265381112195,None,False,
S590,大溪交流道,motorway_link,618.1324446008579,None,False,
S591,66,primary,15.622339562652098,None,False,
S592,31,primary,51.84040936767115,None,False,
S593,segment_593,motorway_link,185.0916388157312,None,False,
S594,segment_594,motorway_link,62.15992146607978,None,False,
S595,segment_595,motorway_link,61.21687807753498,None,False,
S596,segment_596,motorway_link,91.46902393414629,None,False,
S597,segment_597,motorway_link,52.80504317300141,None,False,
S598,1,motorway,1213.42990350687,None,False,
S599,幼獅交流道,motorway_link,178.87712086929736,None,False,
S600,幼獅交流道,motorway_link,252.25389871686093,None,False,
S601,內壢交流道,motorway_link,353.23772548773354,None,False,
S602,竹科交流道,trunk_link,478.08479282220185,None,False,
S603,68,trunk,1132.415073452703,None,False,
S604,1,motorway,868.8361657679745,None,False,
S605,楊梅交流道,motorway_link,349.5571957260026,None,False,
S606,楊梅交流道,motorway_link,92.61244830196787,None,False,
S607,楊梅交流道,motorway_link,201.22848459666568,None,False,
S608,1,primary,105.29089439324014,None,False,
S609,1,primary,73.73345988419953,None,False,
S610,楊梅交流道,motorway_link,199.2241258442353,None,False,
S611,1,motorway,1233.8608341515444,None,False,
S612,楊梅交流道,motorway_link,10.789435536137209,None,False,
S613,1,primary,155.009843663406,None,False,
S614,1,primary,142.23660764371334,None,False,
S615,楊梅交流道,motorway_link,478.7113997814051,None,False,
S616,1,primary,126.6879737040635,None,False,
S617,1,primary,2132.624941514778,None,False,
S618,楊梅交流道,motorway_link,493.2969160780525,None,False,
S619,1,primary,115.69265089849935,None,False,
S620,楊梅交流道,motorway_link,329.55044681426114,None,False,
S621,楊梅交流道,motorway_link,357.35481447511495,None,False,
S622,1,motorway,801.9154052114363,None,False,
S623,楊梅交流道,motorway_link,100.11705016115387,None,False,
S624,楊梅交流道,motorway_link,148.65360380705667,None,False,
S625,楊梅交流道,motorway_link,14.919740147470382,None,False,
S626,1,primary,95.1751619539899,None,False,
S627,1,primary,157.36741282376553,None,False,
S628,1,primary,92.5849958793239,None,False,
S629,楊梅交流道,motorway_link,213.21570635861215,None,False,
S630,幼獅交流道,motorway_link,374.53105005056767,None,False,
S631,1,motorway,877.4368175098297,None,False,
S632,1,motorway,1308.7291446606325,None,False,
S633,湖口交流道,motorway_link,681.4078895166824,None,False,
S634,1,motorway,1218.5134656476228,None,False,
S635,3乙,primary,422.77458741810915,None,False,
S636,3乙,primary,4115.293364344015,None,False,
S637,3;4,primary,1172.4229379679407,None,False,
S638,4,primary,306.7561162550208,None,False,
S639,3,primary,1744.6090692566895,None,False,
S640,1,motorway,439.5470816677013,None,False,
S641,桃園交流道,motorway_link,282.492607143721,None,False,
S642,桃園交流道,motorway_link,209.24030332333925,None,False,
S643,桃園交流道,motorway_link,481.3809154195892,None,False,
S644,桃園交流道,motorway_link,617.1273918894866,None,False,
S645,桃園交流道,motorway_link,221.397342582208,None,False,
S646,湖口交流道,motorway_link,455.28301864951106,None,False,
S647,1,motorway,1175.8897445825178,None,False,
S648,湖口交流道,motorway_link,67.95284503003316,None,False,
S649,湖口交流道,motorway_link,114.23130800987455,None,False,
S650,31,primary_link,479.79316223140785,None,False,
S651,南青路,primary,77.80357695390299,None,False,
S652,31,primary_link,530.5604770830664,None,False,
S653,31,primary,474.14440930959137,None,False,
S654,南青路,primary,73.89831318114165,None,False,
S655,31,primary,620.7402015731643,None,False,
S656,南青路,primary,83.06635277191936,None,False,
S657,31,primary,550.2424462448201,None,False,
S658,31,primary,52.26166022946608,None,False,
S659,31,primary,24.422803410665338,None,False,
S660,segment_660,primary,49.45782253756752,None,False,
S661,高鐵北路三段,primary,676.9014637098282,None,False,
S662,高鐵北路三段,primary,220.4154647111171,None,False,
S663,segment_663,primary,25.934956618690055,None,False,
S664,31,primary,294.1919283501153,None,False,
S665,高鐵北路三段,primary,174.23897029643481,None,False,
S666,segment_666,trunk_link,76.47138208866944,None,False,
S667,66,primary,3491.5136419526348,None,False,
S668,segment_668,primary_link,101.99625767121091,None,False,
S669,segment_669,primary_link,70.56247101834525,None,False,
S670,segment_670,primary_link,111.43208810929141,None,False,
S671,31,primary,72.11352115000145,None,False,
S672,66,trunk,1929.9698314979905,None,False,
S673,segment_673,trunk_link,79.60124468320213,None,False,
S674,66,trunk,1427.9915441275527,None,False,
S675,新竹交流道,motorway_link,103.1337956776361,None,False,
S676,機場系統交流道,motorway_link,165.4775832655676,None,False,
S677,機場系統交流道,motorway_link,419.43296872744406,None,False,
S678,2,motorway,2625.7534504088744,None,False,
S679,平鎮系統交流道,trunk_link,163.99860871171438,None,False,
S680,66,trunk,1311.9589768243732,None,False,
S681,平鎮系統交流道,trunk_link,63.96573500793674,None,False,
S682,平鎮一交流道,trunk_link,265.1185502794722,None,False,
S683,31,primary,29.24067968060899,None,False,
S684,segment_684,primary,23.120890357855174,None,False,
S685,機場系統交流道,motorway_link,1019.5538132006552,None,False,
S686,1,motorway,1422.2347388434732,None,False,
S687,66,primary,13.921832235846006,None,False,
S688,1,primary,102.45803490621766,None,False,
S689,1,primary,22.597967558256393,None,False,
S690,1;112,primary,12.594387979005754,None,False,
S691,1,primary,1776.7176806420605,None,False,
S692,1,motorway,429.5142529596283,None,False,
S693,1,motorway,1166.9581827749419,None,False,
S694,31;113丙,primary,3769.0609496691527,None,False,
S695,3,primary,4095.2439868155807,None,False,
S696,3,primary,1381.389689787528,None,False,
S697,66,primary,186.74655203986362,None,False,
S698,內壢交流道,motorway_link,72.57800878132706,None,False,
S699,內壢交流道,motorway_link,188.553845180242,None,False,
S700,內壢交流道,motorway_link,122.64519972220347,None,False,
S701,湖口交流道,motorway_link,73.15288481144967,None,False,
S702,湖口交流道,motorway_link,93.47530555384961,None,False,
S703,66,primary_link,601.8341707145594,None,False,
S704,66,primary,597.5292108023642,None,False,
S705,66,primary,2270.0524786587234,None,False,
S706,15,primary,30.805768634317985,None,False,
S707,66,primary,146.45170741550066,None,False,
S708,31,primary,8.85736107888196,None,False,
S709,1;竹12,primary,3600.723382084949,None,False,
S710,1,primary,8.806832087869537,None,False,
S711,31,primary,101.34314202682862,None,False,
S712,31;桃102,primary,12014.445640881671,None,False,
S713,66,primary,76.22396922483154,None,False,
S714,segment_714,primary_link,86.77194136832794,None,False,
S715,61,primary,286.0164275665193,None,False,
S716,永安交流道,trunk_link,506.034111087391,None,False,
S717,segment_717,trunk_link,103.72909235120434,None,False,
S718,66,trunk,1356.5076753646856,None,False,
S719,66,trunk,795.8527335684801,None,False,
S720,segment_720,trunk_link,44.87304867745686,None,False,
S721,66,primary,448.9073657695202,None,False,
S722,66,primary,1127.3431793026348,None,False,
S723,66,primary,1615.008735164585,None,False,
S724,66,"['trunk_link', 'trunk']",1545.0223206161031,None,False,
S725,66,primary,1578.6578170482985,None,False,
S726,66,primary,1590.2298042289876,None,False,
S727,66,"['trunk_link', 'trunk']",905.3718131577896,None,False,
S728,66,primary,830.9822185043608,None,False,
S729,湖口交流道,motorway_link,439.10521448689974,None,False,
S730,68,trunk,1574.8775611388548,None,False,
S731,68甲,"['trunk_link', 'trunk']",2137.5736458933543,None,False,
S732,68,trunk,1402.8688543852115,None,False,
S733,竹林交流道,motorway_link,126.43424883217268,None,False,
S734,竹林交流道,motorway_link,355.0153835260706,None,False,
S735,竹林交流道,motorway_link,683.3894409915291,None,False,
S736,3,motorway,9878.740407140864,None,False,
S737,3,primary,480.9694421454227,None,False,
S738,3;120,primary,6802.190155016354,None,False,
S739,竹東端,trunk_link,63.80328860743495,None,False,
S740,3,primary,480.9694421454227,None,False,
S741,3,primary,43.84984590635164,None,False,
S742,3,primary,237.97947657690673,None,False,
S743,61,primary,420.636980324025,None,False,
S744,湖口交流道,motorway_link,53.557069582371895,None,False,
S745,新竹交流道,motorway_link,19.850001192859896,None,False,
S746,校前路交流道,motorway_link,348.68434662170154,None,False,
S747,3乙,primary,25.590199119307815,None,False,
S748,segment_748,primary,38.9689272382749,None,False,
S749,永安交流道,trunk_link,224.4014225359189,None,False,
S750,61,trunk,1034.5291065432934,None,False,
S751,永安交流道,trunk_link,511.11736800355465,None,False,
S752,61,trunk,1033.9349698000015,None,False,
S753,61,primary,5427.175273170622,None,False,
S754,永安交流道,trunk_link,238.33416516006127,None,False,
S755,61,primary,308.27832681760077,None,False,
S756,芎林交流道,trunk_link,149.01442332996203,None,False,
S757,3,primary,38.35391908687123,None,False,
S758,3,primary,43.84984590635164,None,False,
S759,竹東端,trunk_link,48.891458901591456,None,False,
S760,3乙,primary,10.715111853456797,None,False,
S761,3,primary,43.91425191892699,None,False,
S762,segment_762,primary_link,12.423849667055142,None,False,
S763,1,primary,188.30846045356327,None,False,
S764,segment_764,primary_link,12.423849667055142,None,False,
S765,1;115,primary,6023.836840223684,None,False,
S766,31,primary_link,83.24924917856995,None,False,
S767,31,primary,42.54518860712997,None,False,
S768,31,primary,9.792280017396278,None,False,
S769,1,primary,67.00848048549032,None,False,
S770,1,primary,8.861655617537714,None,False,
S771,1,primary,27.660475221082528,None,False,
S772,平鎮一交流道,trunk_link,438.8138858464396,None,False,
S773,66,primary,558.6258743920438,None,False,
S774,1,motorway,5505.170061127731,None,False,
S775,66,trunk,1440.3787219568037,None,False,
S776,南青路,primary,39.496500224386274,None,False,
S777,南青路,primary,33.97303215227824,None,False,
S778,31,primary,437.6447382632584,None,False,
S779,31,primary_link,327.20562191186326,None,False,
S780,31,primary,449.97896366807504,None,False,
S781,31,primary,627.2464601663976,None,False,
S782,31,primary,1160.4506695285172,None,False,
S783,31,primary,185.66930616980113,None,False,
S784,31,primary,504.6864121594777,None,False,
S785,segment_785,primary,46.05677465497871,None,False,
S786,31,primary,489.3530435602029,None,False,
S787,segment_787,primary,60.96920274348826,None,False,
S788,31,primary,274.44695958342595,None,False,
S789,31,primary,332.43892385409293,None,False,
S790,segment_790,primary_link,35.86282611087642,None,False,
S791,31,primary,352.3455087514106,None,False,
S792,31,primary,302.268803273334,None,False,
S793,segment_793,primary_link,27.77145204879765,None,False,
S794,31,primary,342.0222016811393,None,False,
S795,31,primary,481.8544974508741,None,False,
S796,31,primary,456.7489533526148,None,False,
S797,中豐交流道,motorway_link,211.75529510083618,None,False,
S798,3,primary,4908.168850476563,None,False,
S799,3,primary,802.0447123180278,None,False,
S800,segment_800,primary_link,10.793078290620135,None,False,
S801,1,primary,328.7953850904156,None,False,
S802,segment_802,primary_link,10.793078290620135,None,False,
S803,1;115,primary,6019.544801188256,None,False,
S804,桃園交流道,motorway_link,238.26303117861596,None,False,
S805,1,motorway,938.4908279463739,None,False,
S806,芎林交流道,trunk_link,721.4808887579718,None,False,
S807,芎林交流道,trunk_link,216.77991440287713,None,False,
S808,桃園交流道,motorway_link,1099.6704277756344,None,False,
S809,1,motorway,6334.432289020603,None,False,
S810,竹北交流道,motorway_link,304.5915202664311,None,False,
S811,1,motorway,985.1501176112588,None,False,
S812,segment_812,primary_link,74.01705152825416,None,False,
S813,66,primary,112.23150222236048,None,False,
S814,segment_814,primary_link,8.965068857709664,None,False,
S815,3,primary,4524.264081824532,None,False,
S816,3,primary,195.1407535774272,None,False,
S817,3,primary,540.974342705031,None,False,
S818,平鎮系統交流道,trunk_link,96.30485787857887,None,False,
S819,新竹交流道,motorway_link,24.018190483595554,None,False,
S820,4,primary,1650.9601611399964,None,False,
S821,4,primary,42.577311661372896,None,False,
S822,4,primary,35.755776928012324,None,False,
S823,4,primary,19.853074765814807,None,False,
S824,3乙,primary,25.486510217785984,None,False,
S825,4,primary,31.427512956731693,None,False,
S826,3乙,primary,422.7745874181092,None,False,
S827,3乙,primary,73.33344903419851,None,False,
S828,3乙,primary,52.39020272461616,None,False,
S829,3乙,primary,59.48536884926856,None,False,
S830,3乙,primary,98.11187010302089,None,False,
S831,3乙,primary,19.749309238002777,None,False,
S832,3乙,primary,452.91155150256174,None,False,
S833,segment_833,primary_link,133.78668656904946,None,False,
S834,61,primary,5439.899231700958,None,False,
S835,66,primary,89.95919240720238,None,False,
S836,66,primary_link,88.23043120004252,None,False,
S837,66,primary_link,522.8867566981761,None,False,
S838,66,primary,520.1766216066193,None,False,
S839,66,primary,537.1881768174834,None,False,
S840,segment_840,primary_link,51.19949963835982,None,False,
S841,segment_841,primary_link,86.77626627514802,None,False,
S842,segment_842,primary_link,65.45831610125418,None,False,
S843,66,primary,899.3055510861476,None,False,
S844,66,primary,541.8911068537908,None,False,
S845,66,primary,15.304656471437577,None,False,
S846,1,primary,1772.1718573987732,None,False,
S847,66,primary,147.24968774845556,None,False,
S848,66,primary,2903.2680710166524,None,False,
S849,平鎮三交流道,trunk_link,562.604620890889,None,False,
S850,桃園交流道,motorway_link,232.36290641783077,None,False,
S851,楊梅交流道,motorway_link,275.60785093791753,None,False,
S852,中壢交流道,motorway_link,413.3235956154274,None,False,
S853,66,trunk,790.2262180793095,None,False,
S854,segment_854,trunk_link,115.03915473240656,None,False,
S855,66,trunk,1429.5259013624222,None,False,
S856,66,primary,896.9187700590489,None,False,
S857,機場系統交流道,motorway_link,844.1592880986003,None,False,
S858,機場系統交流道,motorway_link,1417.7366781488288,None,False,
S859,1,motorway,10507.446237502647,None,False,
S860,校前路交流道,motorway_link,334.70579678909394,None,False,
S861,1,motorway,139.66175284595798,None,False,
S862,1,motorway,11429.777285870943,None,False,
S863,幼獅交流道,motorway_link,264.27569395339333,None,False,
S864,幼獅交流道,motorway_link,155.52115791254604,None,False,
S865,幼獅交流道,motorway_link,121.0547998541579,None,False,
S866,幼獅交流道,motorway_link,130.0588971237445,None,False,
S867,幼獅交流道,motorway_link,91.28143541595571,None,False,
S868,幼獅交流道,motorway_link,129.2280400016339,None,False,
S869,1,primary,9.639211081869695,None,False,
S870,1,primary,7388.494819916038,None,False,
S871,1;110甲,primary,9.562617107518909,None,False,
S872,1,primary,3916.072324388713,None,False,
S873,高原交流道,motorway_link,176.6300171568667,None,False,
S874,高原交流道,motorway_link,188.5943969315008,None,False,
S875,高原交流道,motorway_link,558.623910265828,None,False,
S876,高原交流道,motorway_link,119.33508527777663,None,False,
S877,高原交流道,motorway_link,134.72618363569578,None,False,
S878,幼獅交流道,motorway_link,139.0541912465362,None,False,
S879,3;竹37;竹45,primary,1389.1755131230157,None,False,
S880,3;竹42,primary,5607.046610117283,None,False,
S881,segment_881,motorway_link,119.00558166572955,None,False,
S882,segment_882,primary_link,13.367023736898284,None,False,
S883,1,primary,322.51031116111005,None,False,
S884,segment_884,primary_link,13.367023736898284,None,False,
S885,1;竹12,primary,3522.5219210760165,None,False,
S886,1,primary,105.03604782408829,None,False,
S887,segment_887,primary_link,12.56367141841844,None,False,
S888,1,primary,107.6521031943067,None,False,
S889,segment_889,primary_link,12.56367141841844,None,False,
S890,segment_890,primary_link,13.650613649174911,None,False,
S891,1,primary,1878.736493450571,None,False,
S892,1,primary,104.55985947213328,None,False,
S893,segment_893,primary_link,13.650613649174911,None,False,
S894,segment_894,primary_link,12.116866238575419,None,False,
S895,1;112,primary,3884.996042059185,None,False,
S896,segment_896,primary_link,12.116866238575419,None,False,
S897,1;112,primary,555.6565005546219,None,False,
S898,segment_898,primary_link,15.32131871194713,None,False,
S899,3,primary,792.68557910471,None,False,
S900,segment_900,primary_link,15.32131871194713,None,False,
S901,3,primary,202.74538558215556,None,False,
S902,segment_902,primary_link,9.478374690484458,None,False,
S903,3,primary,112.93143152678478,None,False,
S904,segment_904,primary_link,9.478374690484458,None,False,
S905,3,primary,2401.315534171186,None,False,
S906,segment_906,primary_link,10.446502491159952,None,False,
S907,3,primary,591.1498112211291,None,False,
S908,segment_908,primary_link,10.446502491159952,None,False,
S909,3,primary,109.91808300415147,None,False,
S910,segment_910,primary_link,6.952211369338736,None,False,
S911,3,primary,459.24753306633045,None,False,
S912,3,primary,78.4254115895128,None,False,
S913,segment_913,primary_link,6.952211369338736,None,False,
S914,segment_914,primary_link,7.7846924632108605,None,False,
S915,3,primary,185.80811838925757,None,False,
S916,segment_916,primary_link,7.7846924632108605,None,False,
S917,3,primary,460.7723585816228,None,False,
S918,segment_918,primary_link,7.34137395863216,None,False,
S919,3,primary,1026.5777845837194,None,False,
S920,segment_920,primary_link,7.34137395863216,None,False,
S921,3,primary,185.73163425971683,None,False,
S922,segment_922,primary_link,7.246068990878199,None,False,
S923,3,primary,203.06161797048395,None,False,
S924,segment_924,primary_link,7.246068990878199,None,False,
S925,3,primary,1029.3744959227336,None,False,
S926,segment_926,primary_link,7.670902952510922,None,False,
S927,3,primary,1021.2032032403158,None,False,
S928,segment_928,primary_link,7.670902952510922,None,False,
S929,3,primary,201.40551867634963,None,False,
S930,segment_930,primary_link,9.265893801072306,None,False,
S931,3,primary,1393.2308516897676,None,False,
S932,segment_932,primary_link,9.265893801072306,None,False,
S933,3,primary,398.98429641620567,None,False,
S934,segment_934,primary_link,9.084196450147028,None,False,
S935,3,primary,399.8906838053722,None,False,
S936,segment_936,primary_link,9.084196450147028,None,False,
S937,3,primary,94.18136745711872,None,False,
S938,segment_938,primary_link,7.166712228627595,None,False,
S939,3,primary,652.1120837028474,None,False,
S940,segment_940,primary_link,7.166712228627595,None,False,
S941,3,primary,254.91998006717233,None,False,
S942,3,primary,78.20567098777043,None,False,
S943,segment_943,primary_link,6.415564643540289,None,False,
S944,segment_944,primary_link,6.415564643540289,None,False,
S945,3,primary,212.67517779164004,None,False,
S946,segment_946,primary_link,6.8959683957352516,None,False,
S947,3,primary,210.09886000555997,None,False,
S948,segment_948,primary_link,6.8959683957352516,None,False,
S949,3,primary,640.954424604552,None,False,
S950,segment_950,primary_link,8.965068857709664,None,False,
S951,3,primary,1386.3346749749044,None,False,
S952,3乙,primary,9.009576891312639,None,False,
S953,3乙,primary,21.790908207170084,None,False,
S954,15,primary,4427.347148397045,None,False,
S955,segment_955,primary_link,38.05647708378986,None,False,
S956,15,primary,131.3999120205346,None,False,
S957,segment_957,primary_link,147.357077309221,None,False,
S958,31,primary,9379.832759931272,None,False,
S959,大溪交流道,motorway_link,305.8467842546976,None,False,
S960,大溪交流道,motorway_link,227.04334242682017,None,False,
S961,大溪交流道,motorway_link,349.45854286795276,None,False,
S962,segment_962,primary_link,18.76940934868823,None,False,
S963,3,primary,1007.2186449277278,None,False,
S964,segment_964,primary_link,18.76940934868823,None,False,
S965,3,primary,2388.9867108982357,None,False,
S966,3,primary,19.185889782061537,None,False,
S967,3,primary,9.35963530498323,None,False,
S968,3,primary,4553.781806100647,None,False,
S969,3,motorway,551.8753847306228,None,False,
S970,高原交流道,motorway_link,658.9520976816749,None,False,
S971,3,motorway,1249.2009494599895,None,False,
S972,segment_972,motorway_link,510.16373388414127,None,False,
S973,高原交流道,motorway_link,654.925940678762,None,False,
S974,segment_974,motorway_link,708.5533057807811,None,False,
S975,高原交流道,motorway_link,1039.6709005448126,None,False,
S976,3,motorway,2207.214487761793,None,False,
S977,segment_977,primary_link,6.2034497854462005,None,False,
S978,4,primary,5778.872570683872,None,False,
S979,segment_979,primary_link,6.2034497854462005,None,False,
S980,4,primary,3619.7742174587556,None,False,
S981,segment_981,motorway_link,305.10540821242773,None,False,
S982,桃園交流道,motorway_link,43.515746750045224,None,False,
S983,桃園交流道,motorway_link,67.18054224181022,None,False,
S984,桃園交流道,motorway_link,299.2187725489938,None,False,
S985,桃園交流道,motorway_link,78.19175357738699,None,False,
S986,1,motorway,994.1032160180571,None,False,
S987,31,primary,343.0367981808794,None,False,
S988,segment_988,primary,49.80133826575728,None,False,
S989,31,primary,255.28611286099016,None,False,
S990,31,primary,1527.1721811635578,None,False,
S991,segment_991,primary,40.10618493806483,None,False,
S992,31,primary,1511.3575686224108,None,False,
S993,segment_993,primary_link,7.3308990410895785,None,False,
S994,31;桃102,primary,2536.1748949732983,None,False,
S995,segment_995,primary_link,7.3308990410895785,None,False,
S996,segment_996,primary,10.517829540629926,None,False,
S997,31,primary,245.42844180987572,None,False,
S998,31,primary,46.6264803646044,None,False,
S999,segment_999,primary,28.525508804286943,None,False,
S1000,segment_1000,primary,10.517829540629926,None,False,
S1001,31,primary,57.73031495586,None,False,
S1002,segment_1002,primary,12.31584956066528,None,False,
S1003,segment_1003,primary,28.525508804286943,None,False,
S1004,segment_1004,primary,12.31584956066528,None,False,
S1005,31,primary,396.86081016146693,None,False,
S1006,31,primary,361.73939472022585,None,False,
S1007,31,primary,24.096787969317468,None,False,
S1008,segment_1008,primary,23.01761623470776,None,False,
S1009,31,primary,191.8074085995183,None,False,
S1010,segment_1010,primary,33.3970125284077,None,False,
S1011,31,primary,1060.030314533391,None,False,
S1012,segment_1012,primary,41.29965253303152,None,False,
S1013,31,primary,367.8467897417927,None,False,
S1014,31,primary,324.7456120748333,None,False,
S1015,segment_1015,primary,37.36643422095805,None,False,
S1016,31,primary,615.0719477759096,None,False,
S1017,31,primary,532.9372720234992,None,False,
S1018,segment_1018,primary,41.38931784695445,None,False,
S1019,31,primary,1054.1094122278,None,False,
S1020,31,primary,1055.3001239172231,None,False,
S1021,31,primary,422.46430150544563,None,False,
S1022,segment_1022,primary_link,31.950057566524237,None,False,
S1023,segment_1023,primary,36.05051453942336,None,False,
S1024,31,primary,209.57297247716855,None,False,
S1025,31,primary,138.1310620898256,None,False,
S1026,segment_1026,primary,41.44649795212407,None,False,
S1027,31,primary,354.0520773650792,None,False,
S1028,31,primary,847.719355845941,None,False,
S1029,segment_1029,primary_link,31.976319161699358,None,False,
S1030,31,primary,729.6773433507826,None,False,
S1031,31,primary,60.48430483171891,None,False,
S1032,segment_1032,primary,28.941338264941667,None,False,
S1033,31,primary,201.31969966001898,None,False,
S1034,1,motorway,134.25495747828168,None,False,
S1035,segment_1035,motorway_link,1073.044593445279,None,False,
S1036,桃園交流道,motorway_link,344.4598875594149,None,False,
S1037,桃園交流道,motorway_link,600.5066624037662,None,False,
S1038,桃園交流道,motorway_link,14.27842458296371,None,False,
S1039,4,primary_link,135.8968261903615,None,False,
S1040,4,primary_link,26.563470585438928,None,False,
S1041,桃園交流道,motorway_link,509.833561747416,None,False,
S1042,桃園交流道,motorway_link,233.70417234117696,None,False,
S1043,1,motorway,1247.080333583514,None,False,
S1044,1,primary,8.074997047828946,None,False,
S1045,1,primary,2125.012607124599,None,False,
S1046,1,primary,1877.2510078532446,None,False,
S1047,segment_1047,primary_link,10.936406758572675,None,False,
S1048,3,primary,879.7597745284321,None,False,
S1049,segment_1049,primary_link,10.936406758572675,None,False,
S1050,高鐵北路三段,primary,11.358418441395441,None,False,
S1051,31;113丙,primary,3813.8103593505193,None,False,
S1052,高鐵北路三段,primary,8.070234632040588,None,False,
S1053,31,primary,52.44004976058368,None,False,
S1054,31,primary,673.471404356605,None,False,
S1055,高鐵北路三段,primary,629.2313421719289,None,False,
S1056,高原交流道,motorway_link,114.72073000954677,None,False,
S1057,1,motorway,2073.88937530379,None,False,
S1058,66,primary,3305.4463596438427,None,False,
S1059,平鎮三交流道,trunk_link,603.4409927603868,None,False,
S1060,66,primary,126.04580824551914,None,False,
S1061,66,primary,63.711168577901475,None,False,
S1062,大溪端,trunk_link,428.0386186041407,None,False,
S1063,66,primary,56.15275144944485,None,False,
S1064,大溪交流道,motorway_link,410.80302869377584,None,False,
S1065,大溪交流道,motorway_link,154.6026813299682,None,False,
S1066,66,"['trunk_link', 'trunk']",1525.953468480267,None,False,
S1067,66,primary,580.1292962013766,None,False,
S1068,大溪交流道,motorway_link,413.2073661968332,None,False,
S1069,66,motorway_link,1877.0376059036396,None,False,
S1070,31,primary,19.03418884987967,None,False,
S1071,segment_1071,primary,8.838515370003662,None,False,
S1072,31,primary,339.6947017973895,None,False,
S1073,segment_1073,primary,34.87383515287221,None,False,
S1074,31,primary,686.2721928814033,None,False,
S1075,31,primary,617.417610692248,None,False,
S1076,segment_1076,primary,39.0529519403819,None,False,
S1077,31,primary,546.1448855769768,None,False,
S1078,31,primary,470.5467083479882,None,False,
S1079,segment_1079,primary,38.93330472881617,None,False,
S1080,31,primary,195.0054450126397,None,False,
S1081,31,primary,116.04966421802186,None,False,
S1082,31,primary,87.46702771491407,None,False,
S1083,segment_1083,primary,25.740057180027822,None,False,
S1084,31,primary,140.298831122127,None,False,
S1085,31,primary,89.64056931104932,None,False,
S1086,segment_1086,primary,27.917793844161796,None,False,
S1087,31,primary,249.90088574644255,None,False,
S1088,segment_1088,primary,39.79891994955507,None,False,
S1089,31,primary,669.0358079805309,None,False,
S1090,31,primary,591.717542688724,None,False,
S1091,segment_1091,primary,31.555955977202334,None,False,
S1092,31,primary,254.94545526432967,None,False,
S1093,31,primary,191.30100088627262,None,False,
S1094,segment_1094,primary,34.22204464109059,None,False,
S1095,31,primary,353.7895989468937,None,False,
S1096,31,primary,472.2741852238532,None,False,
S1097,segment_1097,primary,39.59630803731296,None,False,
S1098,31,primary,537.2009157935065,None,False,
S1099,segment_1099,primary,27.448993087849345,None,False,
S1100,31,primary,803.9220042952062,None,False,
S1101,31,primary,746.8030828105259,None,False,
S1102,大溪交流道,motorway_link,291.89194608315046,None,False,
S1103,大溪交流道,motorway_link,437.32548942697224,None,False,
S1104,寶山交流道,motorway_link,76.58361791256856,None,False,
S1105,寶山交流道,motorway_link,138.24788093142013,None,False,
S1106,segment_1106,motorway_link,139.2506681716153,None,False,
S1107,segment_1107,motorway_link,138.35169116402074,None,False,
S1108,segment_1108,motorway_link,297.57211341775206,None,False,
S1109,66,primary,42.89152587818889,None,False,
S1110,segment_1110,motorway_link,19.120529231785476,None,False,
S1111,3,motorway,1231.1180629718192,None,False,
S1112,segment_1112,motorway_link,19.120529231785476,None,False,
S1113,中豐交流道,motorway_link,1430.4091585224323,None,False,
S1114,中豐交流道,motorway_link,98.35211607051127,None,False,
S1115,1,motorway,453.9630451235344,None,False,
S1116,中豐交流道,motorway_link,970.0943407527869,None,False,
S1117,中豐交流道,motorway_link,578.0424312366833,None,False,
S1118,中豐交流道,motorway_link,713.7294038112028,None,False,
S1119,segment_1119,primary_link,27.764514356825828,None,False,
S1120,66,primary,3197.665616247945,None,False,
S1121,中豐交流道,motorway_link,27.484370746429946,None,False,
S1122,中豐交流道,motorway_link,73.7386820461757,None,False,
S1123,66,primary,135.563130463549,None,False,
S1124,segment_1124,primary_link,99.65839568253307,None,False,
S1125,66,primary,98.06052761112214,None,False,
S1126,segment_1126,primary_link,156.89480310554308,None,False,
