lot_id,segment_ids,n_segments,length_total_m,duration_days,primary_corridor_id,hard_disaster,hard_metapath,hard,cost_k,impact_weight_k
L0,S1,1,1011.4330851363109,3,E1A;302,False,False,False,1011.4330851363109,0.0
L1,S16; S1836,2,1068.439538246818,4,segment_16,True,False,True,1068.439538246818,0.0
L2,S109; S17,2,28.602212248335654,1,江川線,False,False,False,28.602212248335654,0.0
L3,S27,1,1766.550335001724,4,E1A,False,False,False,1766.550335001724,0.0
L4,S51,1,679.7035989279274,7,23,True,False,True,679.7035989279274,0.0
L5,S64; S811,2,1427.0660393543506,11,C1,True,False,True,1427.0660393543506,0.0
L6,S68; S69; S70; S72; S997,5,7179.7343780242245,62,1,True,False,True,7179.7343780242245,0.0
L7,S84,1,665.8194645971554,7,E1,True,False,True,665.8194645971554,0.0
L8,S91,1,896.5375856201476,2,segment_91,False,False,False,896.5375856201476,0.0
L9,S115,1,150.17617111503176,1,68,False,False,False,150.17617111503176,0.0
L10,S116; S117; S500; S518; S810,5,2388.168531147512,8,22,True,False,True,2388.168531147512,0.0
L11,S119,1,836.0898579761612,2,19,False,False,False,836.0898579761612,0.0
L12,S1160; S1161; S125,3,2014.1167353017966,5,30,True,False,True,2014.1167353017966,0.0
L13,S130; S2308,2,681.6283917976841,2,15,False,False,False,681.6283917976841,0.0
L14,S135; S1901; S3089,3,2204.656345834119,12,1,True,False,True,2204.656345834119,0.0
L15,S142; S2621; S2730; S2731,4,1483.9404642551963,4,55,True,False,True,1483.9404642551963,0.0
L16,S149,1,424.54692105392166,5,segment_149,True,False,True,424.54692105392166,0.0
L17,S1584; S1585; S160; S647; S649,5,7756.077058447533,34,23,True,False,True,7756.077058447533,0.0
L18,S162,1,121.13656300620109,1,155,False,False,False,121.13656300620109,0.0
L19,S163; S1775; S2438,3,35.71741939416126,1,54,True,False,True,35.71741939416126,0.0
L20,S181,1,438.99438929848344,1,36,False,False,False,438.99438929848344,0.0
L21,S186; S248; S686; S688,4,1531.3789641624242,4,山王通,False,False,False,1531.3789641624242,0.0
L22,S203; S204,2,2859.810994313071,11,3,True,False,True,2859.810994313071,0.0
L23,S206,1,1622.9739328847165,4,16,False,False,False,1622.9739328847165,0.0
L24,S210,1,220.09024204592382,1,segment_210,False,False,False,220.09024204592382,0.0
L25,S223; S794,2,1568.751656200128,16,空港線,True,False,True,1568.751656200128,0.0
L26,S226; S784; S795; S796; S956,5,2007.4820212243735,10,1,True,False,True,2007.4820212243735,0.0
L27,S228,1,724.0134709555906,2,22,False,False,False,724.0134709555906,0.0
L28,S238,1,1325.845149399735,14,名古屋瀬戸道路,True,False,True,1325.845149399735,0.0
L29,S1842; S244,2,5773.782854882262,12,57,False,False,False,5773.782854882262,0.0
L30,S252; S2704,2,1317.7207215614328,3,153,False,False,False,1317.7207215614328,0.0
L31,S262; S263,2,795.0810887517629,2,23,False,False,False,795.0810887517629,0.0
L32,S268; S269; S2825,3,6213.2975993935615,14,247,True,False,True,6213.2975993935615,0.0
L33,S2697; S272,2,270.39517777729066,3,153,True,False,True,270.39517777729066,0.0
L34,S1451; S301,2,681.6240136440007,2,366,False,False,False,681.6240136440007,0.0
L35,S2349; S312,2,1256.231180357625,10,23,True,False,True,1256.231180357625,0.0
L36,S2882; S340; S341,3,1294.0695461509195,3,C2,False,False,False,1294.0695461509195,0.0
L37,S389; S740,2,3027.228287526549,30,60,True,False,True,3027.228287526549,0.0
L38,S394,1,232.9436743814295,3,50,True,False,True,232.9436743814295,0.0
L39,S404,1,1041.2254113243744,3,6,False,False,False,1041.2254113243744,0.0
L40,S414; S415; S682,3,584.2467230106384,2,江川線,True,False,True,584.2467230106384,0.0
L41,S421,1,1798.8281662232082,18,62,True,False,True,1798.8281662232082,0.0
L42,S1250; S422,2,32.970771612056815,1,15;61,True,False,True,32.970771612056815,0.0
L43,S445,1,49.37916005376055,1,41,False,False,False,49.37916005376055,0.0
L44,S451,1,237.52955792901776,1,302,False,False,False,237.52955792901776,0.0
L45,S454,1,645.3303215851735,2,59,False,False,False,645.3303215851735,0.0
L46,S469,1,222.05809237558088,1,大須通,False,False,False,222.05809237558088,0.0
L47,S484; S489,2,3107.028669221256,27,19,True,False,True,3107.028669221256,0.0
L48,S507; S508; S589,3,991.2555477563847,6,153,True,False,True,991.2555477563847,0.0
L49,S514,1,517.162751025864,2,19;22,False,False,False,517.162751025864,0.0
L50,S534,1,348.8645511697592,4,19,True,False,True,348.8645511697592,0.0
L51,S1387; S2891; S574; S695,4,1193.3273919642886,3,68,False,False,False,1193.3273919642886,0.0
L52,S587,1,63.30193438906563,1,153,False,False,False,63.30193438906563,0.0
L53,S594,1,19.32037394791407,1,153,True,False,True,19.32037394791407,0.0
L54,S602,1,662.1294261459262,2,segment_602,False,False,False,662.1294261459262,0.0
L55,S2822; S610,2,246.7865576672144,1,302,False,False,False,246.7865576672144,0.0
L56,S614,1,1080.1832947338653,3,302,False,False,False,1080.1832947338653,0.0
L57,S623,1,22.77038477386727,1,61,False,False,False,22.77038477386727,0.0
L58,S632,1,75.21260870991556,1,59,True,False,True,75.21260870991556,0.0
L59,S633,1,16.28869797703195,1,segment_633,False,False,False,16.28869797703195,0.0
L60,S646,1,297.2485537272237,3,segment_646,True,False,True,297.2485537272237,0.0
L61,S671,1,1196.19069659086,3,C2,False,False,False,1196.19069659086,0.0
L62,S722,1,21.955489344679393,1,29,True,False,True,21.955489344679393,0.0
L63,S743,1,702.3223688139095,8,C2,True,False,True,702.3223688139095,0.0
L64,S2030; S750,2,1243.056298740571,13,302,True,False,True,1243.056298740571,0.0
L65,S764,1,4510.198472911666,10,60,False,False,False,4510.198472911666,0.0
L66,S765; S767,2,774.0498745624277,8,segment_765,True,False,True,774.0498745624277,0.0
L67,S774,1,71.60322162244951,1,segment_774,True,False,True,71.60322162244951,0.0
L68,S786,1,82.81105684726651,1,環状線,False,False,False,82.81105684726651,0.0
L69,S805,1,487.49276636388606,1,1,False,False,False,487.49276636388606,0.0
L70,S2260; S823,2,4657.636005403894,10,15,False,False,False,4657.636005403894,0.0
L71,S825,1,23.945863126366703,1,36,True,False,True,23.945863126366703,0.0
L72,S840,1,9.691373817045088,1,154,True,False,True,9.691373817045088,0.0
L73,S871; S884,2,887.4581164426521,8,segment_871,True,False,True,887.4581164426521,0.0
L74,S898,1,12.968174792769403,1,環状線,False,False,False,12.968174792769403,0.0
L75,S945,1,31.071828871848044,1,55,False,False,False,31.071828871848044,0.0
L76,S952,1,11.476398580909407,1,55,False,False,False,11.476398580909407,0.0
L77,S1668; S1946; S1947; S1948; S965; S967,6,4612.529014304519,20,56,True,False,True,4612.529014304519,0.0
L78,S971,1,1896.5105159126724,19,60,True,False,True,1896.5105159126724,0.0
L79,S976,1,12.203541445864916,1,名駅通,False,False,False,12.203541445864916,0.0
L80,S998,1,10.35439338506193,1,41,False,False,False,10.35439338506193,0.0
L81,S1017,1,1420.4867515736212,3,19,False,False,False,1420.4867515736212,0.0
L82,S1027,1,250.13801016548322,1,1,False,False,False,250.13801016548322,0.0
L83,S1031; S2500; S2888,3,4830.386353412821,26,67;127,True,False,True,4830.386353412821,0.0
L84,S1041,1,630.1370169874334,2,E87,False,False,False,630.1370169874334,0.0
L85,S1044; S1928,2,1775.1169713118647,18,29,True,False,True,1775.1169713118647,0.0
L86,S1057; S2813; S2814,3,3111.267711783075,17,36,True,False,True,3111.267711783075,0.0
L87,S1065,1,248.02339769379972,1,155,False,False,False,248.02339769379972,0.0
L88,S1066,1,2679.417069533644,6,155,False,False,False,2679.417069533644,0.0
L89,S1068,1,2762.9982976943647,28,155,True,False,True,2762.9982976943647,0.0
L90,S1085; S2420,2,713.3652518628469,2,23,False,False,False,713.3652518628469,0.0
L91,S1090; S2226,2,564.9802981443006,2,23,False,False,False,564.9802981443006,0.0
L92,S1100; S2429,2,16.915908133988424,1,155,True,False,True,16.915908133988424,0.0
L93,S1101; S1102; S2495; S2496,4,815.574255861603,2,155,False,False,False,815.574255861603,0.0
L94,S1114,1,80.97079381805577,1,segment_1114,False,False,False,80.97079381805577,0.0
L95,S1124,1,479.47501555075,1,56,False,False,False,479.47501555075,0.0
L96,S1133,1,51.06018305002397,1,302,False,False,False,51.06018305002397,0.0
L97,S1136; S1145,2,1562.8348441841406,4,6,False,False,False,1562.8348441841406,0.0
L98,S1142; S1840; S2709,3,1631.7255025048325,4,6,True,False,True,1631.7255025048325,0.0
L99,S1146; S1147,2,769.98497699625,2,6,False,False,False,769.98497699625,0.0
L100,S1157,1,946.4979792243438,10,50,True,False,True,946.4979792243438,0.0
L101,S1163,1,3479.4508578767545,7,30,False,False,False,3479.4508578767545,0.0
L102,S1189,1,924.0937575644443,2,3,False,False,False,924.0937575644443,0.0
L103,S1204,1,186.83549034469573,2,2,True,False,True,186.83549034469573,0.0
L104,S1212,1,463.4891833214196,1,segment_1212,False,False,False,463.4891833214196,0.0
L105,S1220; S3181,2,2467.147290686642,8,153,True,False,True,2467.147290686642,0.0
L106,S1221; S1781,2,1895.5977704540087,4,56,False,False,False,1895.5977704540087,0.0
L107,S1227; S1228; S1259,3,3775.798829637516,8,62,False,False,False,3775.798829637516,0.0
L108,S1239,1,1203.7244834159844,3,E19,False,False,False,1203.7244834159844,0.0
L109,S1268,1,316.20805777855674,1,segment_1268,False,False,False,316.20805777855674,0.0
L110,S1283,1,78.13194712871021,1,302,False,False,False,78.13194712871021,0.0
L111,S1310; S2584,2,533.0270515259585,3,23,True,False,True,533.0270515259585,0.0
L112,S1313,1,270.3279186011821,3,23,True,False,True,270.3279186011821,0.0
L113,S1314,1,295.96371105725916,3,segment_1314,True,False,True,295.96371105725916,0.0
L114,S1317; S1964; S1965,3,166.29686640500137,1,segment_1317,True,False,True,166.29686640500137,0.0
L115,S1322; S1377,2,891.7515133545157,5,segment_1322,True,False,True,891.7515133545157,0.0
L116,S1350; S1351,2,867.2789691999211,2,C1,False,False,False,867.2789691999211,0.0
L117,S1355,1,196.18884601528845,2,segment_1355,True,False,True,196.18884601528845,0.0
L118,S1360,1,1492.5143545815818,3,521,False,False,False,1492.5143545815818,0.0
L119,S1362,1,7.744939461604694,1,6,False,False,False,7.744939461604694,0.0
L120,S1368,1,10.914441935913779,1,54;284,False,False,False,10.914441935913779,0.0
L121,S1381,1,176.89637167017847,2,segment_1381,True,False,True,176.89637167017847,0.0
L122,S1389; S1547,2,1769.2568835619686,4,1,False,False,False,1769.2568835619686,0.0
L123,S1432,1,418.1703756393704,5,36,True,False,True,418.1703756393704,0.0
L124,S1445,1,11.216676667375854,1,63,False,False,False,11.216676667375854,0.0
L125,S1453; S2075,2,1301.3878271068295,3,25;153;155;166,False,False,False,1301.3878271068295,0.0
L126,S1482,1,271.1574726791291,1,名古屋高速5号万場線,False,False,False,271.1574726791291,0.0
L127,S1488,1,21.357056924688166,1,79,False,False,False,21.357056924688166,0.0
L128,S1491; S2618; S2662,3,2426.7670819938717,5,302,False,False,False,2426.7670819938717,0.0
L129,S1534; S2018; S2019,3,1103.4400687179148,3,segment_1534,False,False,False,1103.4400687179148,0.0
L130,S1554,1,1375.8284050792129,3,環状線,False,False,False,1375.8284050792129,0.0
L131,S1555,1,13.424698617617842,1,segment_1555,False,False,False,13.424698617617842,0.0
L132,S1567,1,5490.679802568693,55,1,True,False,True,5490.679802568693,0.0
L133,S1568; S1839; S2570,3,701.7942829672953,4,23,True,False,True,701.7942829672953,0.0
L134,S1582; S3070,2,66.71121115810658,1,segment_1582,True,False,True,66.71121115810658,0.0
L135,S1601,1,162.8679687307899,1,segment_1601,False,False,False,162.8679687307899,0.0
L136,S1612,1,71.14280457005995,1,302,False,False,False,71.14280457005995,0.0
L137,S1616,1,67.54969354422188,1,247,True,False,True,67.54969354422188,0.0
L138,S1619,1,614.2226137710529,7,segment_1619,True,False,True,614.2226137710529,0.0
L139,S1625; S2155,2,858.6674959078098,2,29,False,False,False,858.6674959078098,0.0
L140,S1646,1,243.60674131994426,1,56,False,False,False,243.60674131994426,0.0
L141,S1647,1,98.30275615845042,1,56,False,False,False,98.30275615845042,0.0
L142,S1659; S3078,2,3759.1084286618807,30,E1A,True,False,True,3759.1084286618807,0.0
L143,S1720,1,144.68736644725527,2,302,True,False,True,144.68736644725527,0.0
L144,S1728,1,94.98916815125034,1,segment_1728,True,False,True,94.98916815125034,0.0
L145,S1742,1,12.33560710569643,1,segment_1742,True,False,True,12.33560710569643,0.0
L146,S1751,1,143.67304848122288,1,302,False,False,False,143.67304848122288,0.0
L147,S1778,1,205.95795290363105,1,56,False,False,False,205.95795290363105,0.0
L148,S1800,1,33.27096140894449,1,36,False,False,False,33.27096140894449,0.0
L149,S1814,1,1164.5645915714304,3,302,False,False,False,1164.5645915714304,0.0
L150,S1869,1,11.080939418017515,1,247,False,False,False,11.080939418017515,0.0
L151,S1893,1,547.8286109325938,6,419,True,False,True,547.8286109325938,0.0
L152,S1910,1,627.8704786508441,7,155,True,False,True,627.8704786508441,0.0
L153,S1912; S2471,2,1893.93480825965,4,155,False,False,False,1893.93480825965,0.0
L154,S1935,1,199.2655374607777,1,2,False,False,False,199.2655374607777,0.0
L155,S1951,1,1716.9078680214323,18,302,True,False,True,1716.9078680214323,0.0
L156,S1983,1,411.2127147545168,1,302,False,False,False,411.2127147545168,0.0
L157,S1985,1,513.9905920402479,2,segment_1985,False,False,False,513.9905920402479,0.0
L158,S1987,1,1092.4943398817868,3,E1A,False,False,False,1092.4943398817868,0.0
L159,S1992,1,526.6552396306215,2,segment_1992,False,False,False,526.6552396306215,0.0
L160,S1994,1,2081.403997523254,5,E1A,False,False,False,2081.403997523254,0.0
L161,S1996,1,34.96775550006935,1,302,False,False,False,34.96775550006935,0.0
L162,S2015; S2538,2,2145.772022734825,12,4,True,False,True,2145.772022734825,0.0
L163,S2016; S2017,2,2755.2695393360023,9,4,True,False,True,2755.2695393360023,0.0
L164,S2022,1,472.6681080936117,5,segment_2022,True,False,True,472.6681080936117,0.0
L165,S2027,1,23.65922936893726,1,29,False,False,False,23.65922936893726,0.0
L166,S2037,1,3039.4000844281063,31,59;126,True,False,True,3039.4000844281063,0.0
L167,S2051,1,33.90495510876797,1,segment_2051,True,False,True,33.90495510876797,0.0
L168,S2061,1,1885.3708355529388,4,62,False,False,False,1885.3708355529388,0.0
L169,S2079,1,274.02174191381465,3,segment_2079,True,False,True,274.02174191381465,0.0
L170,S2096; S2957,2,1073.2874926943978,11,22,True,False,True,1073.2874926943978,0.0
L171,S2114; S2117,2,1848.0632822972586,19,東海通,True,False,True,1848.0632822972586,0.0
L172,S2121,1,442.3890415117067,5,segment_2121,True,False,True,442.3890415117067,0.0
L173,S2126; S2129,2,881.538185182128,9,56,True,False,True,881.538185182128,0.0
L174,S2133,1,16.590368793517747,1,302,False,False,False,16.590368793517747,0.0
L175,S2151,1,689.6279903413604,7,segment_2151,True,False,True,689.6279903413604,0.0
L176,S2171,1,177.10563794778616,1,63,False,False,False,177.10563794778616,0.0
L177,S2182,1,1797.4208427759738,4,4,False,False,False,1797.4208427759738,0.0
L178,S2209,1,687.6570924457208,2,40;115,False,False,False,687.6570924457208,0.0
L179,S2228,1,152.19532136754083,2,segment_2228,True,False,True,152.19532136754083,0.0
L180,S2233,1,117.28285859365158,1,302,False,False,False,117.28285859365158,0.0
L181,S2269; S2851,2,191.54627599597003,1,segment_2269,False,False,False,191.54627599597003,0.0
L182,S2274; S2275,2,208.91667519215065,2,segment_2274,True,False,True,208.91667519215065,0.0
L183,S2281,1,58.24411089670107,1,segment_2281,False,False,False,58.24411089670107,0.0
L184,S2290; S2291,2,1043.4441991093197,3,環状線,False,False,False,1043.4441991093197,0.0
L185,S2295,1,539.6504624196924,6,江川線,True,False,True,539.6504624196924,0.0
L186,S2298,1,21.926327949189822,1,29,True,False,True,21.926327949189822,0.0
L187,S2320,1,11.27092709145043,1,153,True,False,True,11.27092709145043,0.0
L188,S2361,1,14.257360977284126,1,55,False,False,False,14.257360977284126,0.0
L189,S2381; S2383,2,471.21130262214496,3,302,True,False,True,471.21130262214496,0.0
L190,S2393,1,593.2675155973437,6,22;208,True,False,True,593.2675155973437,0.0
L191,S2403,1,264.26330375551885,1,302,False,False,False,264.26330375551885,0.0
L192,S2411,1,154.5071453773822,1,57,False,False,False,154.5071453773822,0.0
L193,S2416,1,11.463621543615476,1,153,False,False,False,11.463621543615476,0.0
L194,S2434,1,3981.730642685235,8,56,False,False,False,3981.730642685235,0.0
L195,S2443; S2559; S2560; S2569,4,1643.0028870439753,8,153,True,False,True,1643.0028870439753,0.0
L196,S2448,1,1943.641565806713,4,55,False,False,False,1943.641565806713,0.0
L197,S2509,1,1094.4482307813068,3,22,False,False,False,1094.4482307813068,0.0
L198,S2512,1,1766.9847700088585,4,C2,False,False,False,1766.9847700088585,0.0
L199,S2518,1,199.21963133152985,1,302,False,False,False,199.21963133152985,0.0
L200,S2531,1,622.8353696694223,2,11,False,False,False,622.8353696694223,0.0
L201,S2532; S2533,2,3594.9534400765756,12,11,True,False,True,3594.9534400765756,0.0
L202,S2555; S2556,2,548.7218326739643,6,segment_2555,True,False,True,548.7218326739643,0.0
L203,S2580,1,2529.8468251518916,26,58,True,False,True,2529.8468251518916,0.0
L204,S2585,1,13.375525981673247,1,23,False,False,False,13.375525981673247,0.0
L205,S2604,1,400.41637093322976,5,segment_2604,True,False,True,400.41637093322976,0.0
L206,S2664,1,21.71700845853969,1,302,False,False,False,21.71700845853969,0.0
L207,S2671,1,20.671042514067388,1,59,False,False,False,20.671042514067388,0.0
L208,S2695,1,274.1622845632403,1,segment_2695,False,False,False,274.1622845632403,0.0
L209,S2711,1,1507.4509908957411,4,60,False,False,False,1507.4509908957411,0.0
L210,S2718,1,85.15345927854403,1,環状線,True,False,True,85.15345927854403,0.0
L211,S2739,1,25.20957103594726,1,155,False,False,False,25.20957103594726,0.0
L212,S2749,1,97.49555614391647,1,302,True,False,True,97.49555614391647,0.0
L213,S2754,1,989.3361120104245,2,名古屋第二環状自動車道,False,False,False,989.3361120104245,0.0
L214,S2756,1,1404.6116732075188,3,C2,False,False,False,1404.6116732075188,0.0
L215,S2763,1,537.367275269034,2,segment_2763,False,False,False,537.367275269034,0.0
L216,S2767,1,366.4150093817653,1,segment_2767,False,False,False,366.4150093817653,0.0
L217,S2770,1,365.47489785419816,1,56;221,False,False,False,365.47489785419816,0.0
L218,S2781,1,414.2892445676434,1,segment_2781,False,False,False,414.2892445676434,0.0
L219,S2796,1,34.13668354623759,1,63;163,False,False,False,34.13668354623759,0.0
L220,S2843,1,300.91636037786986,1,1,False,False,False,300.91636037786986,0.0
L221,S2864,1,1888.7608880540154,4,41,False,False,False,1888.7608880540154,0.0
L222,S2865,1,49.017184288766046,1,63,False,False,False,49.017184288766046,0.0
L223,S2869; S2872,2,20.335600972228377,1,36,True,False,True,20.335600972228377,0.0
L224,S2879,1,154.33135722003132,2,segment_2879,True,False,True,154.33135722003132,0.0
L225,S2881,1,99.8327605497563,1,302,False,False,False,99.8327605497563,0.0
L226,S2886,1,720.5575531594882,8,C2,True,False,True,720.5575531594882,0.0
L227,S2900,1,445.8767957763746,1,22,False,False,False,445.8767957763746,0.0
L228,S2906,1,511.2634287318559,2,segment_2906,False,False,False,511.2634287318559,0.0
L229,S2918,1,396.1154635336162,4,segment_2918,True,False,True,396.1154635336162,0.0
L230,S2921,1,782.2509175444376,8,16,True,False,True,782.2509175444376,0.0
L231,S2929; S2930; S2934,3,1009.8345739397722,3,63,False,False,False,1009.8345739397722,0.0
L232,S2937,1,3047.3499623840403,7,6,False,False,False,3047.3499623840403,0.0
L233,S2939,1,534.1731207057283,6,segment_2939,True,False,True,534.1731207057283,0.0
L234,S2967,1,111.7347885836706,1,302,False,False,False,111.7347885836706,0.0
L235,S2968,1,798.4917605633507,2,302,False,False,False,798.4917605633507,0.0
L236,S2990,1,574.0945748447294,2,segment_2990,False,False,False,574.0945748447294,0.0
L237,S3004,1,113.68670400375998,1,segment_3004,False,False,False,113.68670400375998,0.0
L238,S3018,1,23.471245695474845,1,segment_3018,False,False,False,23.471245695474845,0.0
L239,S3020,1,604.4027327589886,2,segment_3020,False,False,False,604.4027327589886,0.0
L240,S3037,1,161.60750898495985,2,302,True,False,True,161.60750898495985,0.0
L241,S3045,1,1307.8300367177837,3,C2,False,False,False,1307.8300367177837,0.0
L242,S3052,1,6.669854630212331,1,segment_3052,False,False,False,6.669854630212331,0.0
L243,S3072,1,24.834652397436155,1,segment_3072,False,False,False,24.834652397436155,0.0
L244,S3076,1,32.643510586966066,1,segment_3076,False,False,False,32.643510586966066,0.0
L245,S3079,1,273.35455762044995,1,segment_3079,False,False,False,273.35455762044995,0.0
L246,S3083; S3084,2,1137.9223843008222,3,155,False,False,False,1137.9223843008222,0.0
L247,S3150,1,27.161183639742188,1,segment_3150,True,False,True,27.161183639742188,0.0
L248,S3178,1,336.689863835676,4,54,True,False,True,336.689863835676,0.0
