step,lot_id,day_scheduled,day_completed,cumulative_distance_m,recovery_benefit_cumulative
1,L67,2,2,71.60322162244951,0.0
2,L113,1,3,367.56693267970866,0.0
3,L103,3,4,554.4024230244044,0.0
4,L248,1,4,891.0922868600803,0.0
5,L121,4,5,1067.9886585302588,0.0
6,L224,5,6,1222.3200157502902,0.0
7,L164,3,7,1694.9881238439018,0.0
8,L62,7,7,1716.9436131885811,0.0
9,L210,8,8,1802.0970724671251,0.0
10,L240,7,8,1963.704581452085,0.0
11,L143,8,9,2108.3919478993403,0.0
12,L38,7,9,2341.3356222807697,0.0
13,L182,9,10,2550.2522974729204,0.0
14,L187,10,10,2561.523224564371,0.0
15,L186,11,11,2583.449552513561,0.0
16,L60,9,11,2880.6981062407845,0.0
17,L58,12,12,2955.9107149507,0.0
18,L111,11,13,3488.9377664766585,0.0
19,L117,12,13,3685.126612491947,0.0
20,L12,10,14,5699.243347793744,0.0
21,L212,14,14,5796.73890393766,0.0
22,L112,13,15,6067.066822538843,0.0
23,L137,16,16,6134.616516083064,0.0
24,L179,15,16,6286.811837450605,0.0
25,L33,14,16,6557.207015227896,0.0
26,L247,17,17,6584.368198867638,0.0
27,L92,18,18,6601.284107001627,0.0
28,L1,16,19,7669.723645248445,0.0
29,L40,19,20,8253.970368259083,0.0
30,L50,18,21,8602.834919428842,0.0
31,L98,18,21,10234.560421933675,0.0
32,L133,20,23,10936.35470490097,0.0
33,L145,23,23,10948.690312006667,0.0
34,L189,22,24,11419.901614628812,0.0
35,L229,21,24,11816.01707816243,0.0
36,L167,27,27,11849.922033271198,0.0
37,L115,24,28,12741.673546625712,0.0
38,L16,24,28,13166.220467679634,0.0
39,L123,25,29,13584.390843319004,0.0
40,L169,28,30,13858.41258523282,0.0
41,L144,31,31,13953.40175338407,0.0
42,L172,29,33,14395.790794895778,0.0
43,L205,29,33,14796.207165829008,0.0
44,L48,30,35,15787.462713585392,0.0
45,L151,32,37,16335.291324517986,0.0
46,L185,34,39,16874.941786937678,0.0
47,L190,34,39,17468.209302535022,0.0
48,L202,36,41,18016.931135208986,0.0
49,L233,38,43,18551.104255914714,0.0
50,L4,40,46,19230.807854842642,0.0
51,L7,40,46,19896.627319439798,0.0
52,L42,47,47,19929.598091051856,0.0
53,L114,48,48,20095.894957456858,0.0
54,L175,42,48,20785.522947798218,0.0
55,L53,49,49,20804.84332174613,0.0
56,L71,49,49,20828.789184872498,0.0
57,L138,44,50,21443.01179864355,0.0
58,L10,47,54,23831.180329791063,0.0
59,L134,55,55,23897.89154094917,0.0
60,L15,52,55,25381.832005204367,0.0
61,L63,50,57,26084.154374018275,0.0
62,L66,50,57,26858.204248580703,0.0
63,L72,57,57,26867.895622397748,0.0
64,L19,58,58,26903.61304179191,0.0
65,L223,58,58,26923.94864276414,0.0
66,L152,59,65,27551.81912141498,0.0
67,L105,60,67,30018.966412101625,0.0
68,L195,60,67,31661.9692991456,0.0
69,L226,60,67,32382.526852305087,0.0
70,L230,60,67,33164.77776984953,0.0
71,L73,60,67,34052.235886292176,0.0
72,L163,60,68,36807.50542562818,0.0
73,L173,60,68,37689.04361081031,0.0
74,L100,60,69,38635.541590034656,0.0
75,L26,60,69,40643.02361125903,0.0
76,L35,60,69,41899.25479161665,0.0
77,L170,60,70,42972.54228431105,0.0
78,L22,60,70,45832.35327862412,0.0
79,L5,60,70,47259.41931797847,0.0
80,L14,60,71,49464.07566381259,0.0
81,L162,60,71,51609.847686547415,0.0
82,L201,60,71,55204.80112662399,0.0
83,L28,59,72,56530.64627602373,0.0
84,L64,60,72,57773.7025747643,0.0
85,L32,60,73,63987.00017415786,0.0
86,L25,60,75,65555.75183035799,0.0
87,L86,60,76,68667.01954214106,0.0
88,L155,60,77,70383.92741016249,0.0
89,L41,60,77,72182.7555763857,0.0
90,L85,60,77,73957.87254769755,0.0
91,L171,60,78,75805.9358299948,0.0
92,L78,60,78,77702.44634590748,0.0
93,L77,60,79,82314.97536021199,0.0
94,L47,57,83,85422.00402943324,0.0
95,L203,60,85,87951.85085458514,0.0
96,L83,60,85,92782.23720799795,0.0
97,L89,60,87,95545.23550569231,0.0
98,L142,60,89,99304.3439343542,0.0
99,L37,60,89,102331.57222188075,0.0
100,L166,60,90,105370.97230630886,0.0
101,L17,58,91,113127.0493647564,0.0
102,L132,60,114,118617.72916732509,0.0
103,L6,60,121,125797.46354534931,0.0
