lot_id,day_scheduled,duration_days,day_completed,cost_k,hard_disaster,hard_metapath
L10,1,1,1,28.82585362345616,True,False
L40,1,3,3,211.6566761615451,True,False
L44,1,1,1,376.4972930667719,False,True
L69,1,1,1,33.000890765048,True,False
L1,2,3,4,1222.8613170186886,False,True
L35,4,4,7,1839.9004565830048,False,True
L22,6,4,9,309.68419796482823,True,False
L50,7,1,7,12.28254725050722,True,False
L60,7,3,9,206.0575664985759,True,False
L19,13,3,15,235.74823155686278,True,False
L37,19,12,30,5430.490043634137,True,False
L5,19,1,19,15.131896978302025,True,False
L66,19,9,27,816.9897402701765,True,True
L18,21,3,23,244.5109630180342,True,False
L29,22,8,29,777.5624204887592,True,False
L20,24,1,24,400.1764132158943,False,True
L49,28,5,32,491.79401212732984,True,False
L33,29,5,33,459.74103451665275,True,False
L3,31,1,31,14.683963046957116,True,False
L56,32,2,33,141.0740378746262,True,False
L25,33,17,49,1669.5773815412144,True,False
L61,35,5,39,438.6976403891674,True,False
L12,36,1,36,80.89735958692195,True,False
L62,37,2,38,114.71628777898819,True,False
L53,38,1,38,7.533451738831915,True,False
L2,39,5,43,442.39226668300677,True,False
L13,43,2,44,127.41614391404345,True,False
L21,43,1,43,154.74663363906663,False,True
L63,44,1,44,61.15979517648879,True,False
L57,51,52,102,5793.221946360409,True,False
L58,51,1,51,16.954945092044454,True,False
L47,53,15,67,1492.6556714051928,True,False
L48,54,2,55,158.81163225867846,True,False
L16,55,1,55,22.25502052841259,True,False
L43,58,1,58,11.801518454742103,True,False
L51,59,11,69,1084.9125141070144,True,False
L64,59,1,59,15.701651125303956,True,False
