factory_name,logistics_name,is_named_pair,shared_corridor,h_neighbor_radius_tier_km,h_neighbor_label,road_distance_km,h_chain_access_label,metapath_labels,priority,path_corridors
FactoryCluster_auto_7,LogisticsCluster_auto_14,False,NH352W,2.0,H_NEIGHBOR(r=2km),3.73,H_CHAIN_ACCESS(distance=3.7km),H_NEIGHBOR(r=2km); H_CHAIN_ACCESS(distance=3.7km),High,NH352W
FactoryCluster_auto_30,Farrukhnagar Logistics Hub,False,SH15A,5.0,H_NEIGHBOR(r=5km),5.93,H_CHAIN_ACCESS(distance=5.9km),H_NEIGHBOR(r=5km); H_CHAIN_ACCESS(distance=5.9km),High,SH15A
FactoryCluster_auto_20,Bilaspur Logistics Hub,False,NH48,2.0,H_NEIGHBOR(r=2km),7.31,H_CHAIN_ACCESS(distance=7.3km),H_NEIGHBOR(r=2km); H_CHAIN_ACCESS(distance=7.3km),High,NH48; unnamed; NH48
FactoryCluster_auto_21,LogisticsCluster_auto_14,False,NH352W,2.0,H_NEIGHBOR(r=2km),7.46,H_CHAIN_ACCESS(distance=7.5km),H_NEIGHBOR(r=2km); H_CHAIN_ACCESS(distance=7.5km),High,NH352W
FactoryCluster_auto_11,Bilaspur Logistics Hub,False,NH48,3.0,H_NEIGHBOR(r=3km),7.8,H_CHAIN_ACCESS(distance=7.8km),H_NEIGHBOR(r=3km); H_CHAIN_ACCESS(distance=7.8km),High,unnamed; NH48
FactoryCluster_auto_23,LogisticsCluster_auto_13,False,NH248BB,2.0,H_NEIGHBOR(r=2km),8.87,H_CHAIN_ACCESS(distance=8.9km),H_NEIGHBOR(r=2km); H_CHAIN_ACCESS(distance=8.9km),High,unnamed; NH248BB
FactoryCluster_auto_22,LogisticsCluster_auto_14,False,NH352W,2.0,H_NEIGHBOR(r=2km),10.63,H_CHAIN_ACCESS(distance=10.6km),H_NEIGHBOR(r=2km); H_CHAIN_ACCESS(distance=10.6km),High,unnamed; NH352W
FactoryCluster_auto_0,LogisticsCluster_auto_13,False,NH352W,3.0,H_NEIGHBOR(r=3km),11.32,H_CHAIN_ACCESS(distance=11.3km),H_NEIGHBOR(r=3km); H_CHAIN_ACCESS(distance=11.3km),High,unnamed; NH48; unnamed; NH248BB
FactoryCluster_auto_8,Bilaspur Logistics Hub,False,NH48,3.0,H_NEIGHBOR(r=3km),11.78,H_CHAIN_ACCESS(distance=11.8km),H_NEIGHBOR(r=3km); H_CHAIN_ACCESS(distance=11.8km),High,NH48; unnamed; NH48
FactoryCluster_auto_18,LogisticsCluster_auto_14,False,NH352W,2.0,H_NEIGHBOR(r=2km),12.56,H_CHAIN_ACCESS(distance=12.6km),H_NEIGHBOR(r=2km); H_CHAIN_ACCESS(distance=12.6km),High,unnamed; SH26; NH352W
FactoryCluster_auto_29,Bilaspur Logistics Hub,False,,,,12.9,H_CHAIN_ACCESS(distance=12.9km),H_CHAIN_ACCESS(distance=12.9km),High,Delhi Western Peripheral Expressway; unnamed; NH48
FactoryCluster_auto_24,Luhari Logistics Estate,False,,,,14.22,H_CHAIN_ACCESS(distance=14.2km),H_CHAIN_ACCESS(distance=14.2km),High,NH352W
FactoryCluster_auto_4,Luhari Logistics Estate,False,,,,14.23,H_CHAIN_ACCESS(distance=14.2km),H_CHAIN_ACCESS(distance=14.2km),High,unnamed
FactoryCluster_auto_27,LogisticsCluster_auto_13,False,,,,14.46,H_CHAIN_ACCESS(distance=14.5km),H_CHAIN_ACCESS(distance=14.5km),High,unnamed; NH48; unnamed; NH48; unnamed; NH248BB
FactoryCluster_auto_11,LogisticsCluster_auto_14,False,Delhi Western Peripheral Expressway,3.0,H_NEIGHBOR(r=3km),14.84,H_CHAIN_ACCESS(distance=14.8km),H_NEIGHBOR(r=3km); H_CHAIN_ACCESS(distance=14.8km),High,Delhi Western Peripheral Expressway; unnamed; NH352W
FactoryCluster_auto_21,Bilaspur Logistics Hub,False,Delhi Western Peripheral Expressway,4.0,H_NEIGHBOR(r=4km),15.63,H_CHAIN_ACCESS(distance=15.6km),H_NEIGHBOR(r=4km); H_CHAIN_ACCESS(distance=15.6km),High,unnamed; NH352W; unnamed; Delhi Western Peripheral Expressway; unnamed; NH48
FactoryCluster_auto_12,LogisticsCluster_auto_14,False,NH352W,2.0,H_NEIGHBOR(r=2km),16.23,H_CHAIN_ACCESS(distance=16.2km),H_NEIGHBOR(r=2km); H_CHAIN_ACCESS(distance=16.2km),High,SH15A; SH26; unnamed; SH26; NH352W
FactoryCluster_auto_22,Bilaspur Logistics Hub,False,Delhi Western Peripheral Expressway,4.0,H_NEIGHBOR(r=4km),16.29,H_CHAIN_ACCESS(distance=16.3km),H_NEIGHBOR(r=4km); H_CHAIN_ACCESS(distance=16.3km),High,unnamed; Delhi Western Peripheral Expressway; unnamed; NH48
IMT Manesar,Bilaspur Logistics Hub,True,NH48,3.0,H_NEIGHBOR(r=3km),16.34,H_CHAIN_ACCESS(distance=16.3km),H_NEIGHBOR(r=3km); H_CHAIN_ACCESS(distance=16.3km),High,unnamed; NH48
FactoryCluster_auto_21,Farrukhnagar Logistics Hub,False,,,,16.34,H_CHAIN_ACCESS(distance=16.3km),H_CHAIN_ACCESS(distance=16.3km),High,unnamed; NH352W; unnamed; Delhi Western Peripheral Expressway; unnamed; SH15A; unnamed; SH15A; unnamed
IMT Manesar,LogisticsCluster_auto_13,False,NH352W,5.0,H_NEIGHBOR(r=5km),16.41,H_CHAIN_ACCESS(distance=16.4km),H_NEIGHBOR(r=5km); H_CHAIN_ACCESS(distance=16.4km),High,unnamed; NH48; unnamed; NH248BB
FactoryCluster_auto_4,LogisticsCluster_auto_14,False,NH352W,2.0,H_NEIGHBOR(r=2km),16.48,H_CHAIN_ACCESS(distance=16.5km),H_NEIGHBOR(r=2km); H_CHAIN_ACCESS(distance=16.5km),High,NH352W
FactoryCluster_auto_22,Farrukhnagar Logistics Hub,False,,,,16.86,H_CHAIN_ACCESS(distance=16.9km),H_CHAIN_ACCESS(distance=16.9km),High,unnamed; Delhi Western Peripheral Expressway; unnamed; SH15A; unnamed; SH15A; unnamed
FactoryCluster_auto_20,LogisticsCluster_auto_14,False,Delhi Western Peripheral Expressway,3.0,H_NEIGHBOR(r=3km),17.77,H_CHAIN_ACCESS(distance=17.8km),H_NEIGHBOR(r=3km); H_CHAIN_ACCESS(distance=17.8km),High,NH48; unnamed; Delhi Western Peripheral Expressway; unnamed; NH352W
FactoryCluster_auto_24,LogisticsCluster_auto_14,False,NH352W,2.0,H_NEIGHBOR(r=2km),18.01,H_CHAIN_ACCESS(distance=18.0km),H_NEIGHBOR(r=2km); H_CHAIN_ACCESS(distance=18.0km),High,NH352W; unnamed; NH352W
FactoryCluster_auto_16,LogisticsCluster_auto_13,False,SH15A,3.0,H_NEIGHBOR(r=3km),18.07,H_CHAIN_ACCESS(distance=18.1km),H_NEIGHBOR(r=3km); H_CHAIN_ACCESS(distance=18.1km),High,Exit 16; NH48; unnamed; NH248BB
FactoryCluster_auto_27,Bilaspur Logistics Hub,False,NH48,4.0,H_NEIGHBOR(r=4km),19.81,H_CHAIN_ACCESS(distance=19.8km),H_NEIGHBOR(r=4km); H_CHAIN_ACCESS(distance=19.8km),High,unnamed; NH48; unnamed; NH48
FactoryCluster_auto_12,Farrukhnagar Logistics Hub,False,SH15A,2.0,H_NEIGHBOR(r=2km),20.11,H_CHAIN_ACCESS(distance=20.1km),H_NEIGHBOR(r=2km); H_CHAIN_ACCESS(distance=20.1km),High,SH15A; unnamed; SH15A; unnamed; SH15A; unnamed; SH15A; unnamed
FactoryCluster_auto_21,Luhari Logistics Estate,False,,,,20.51,H_CHAIN_ACCESS(distance=20.5km),H_CHAIN_ACCESS(distance=20.5km),High,NH352W
FactoryCluster_auto_7,Bilaspur Logistics Hub,False,,,,21.16,H_CHAIN_ACCESS(distance=21.2km),H_CHAIN_ACCESS(distance=21.2km),High,NH352W; unnamed; Delhi Western Peripheral Expressway; unnamed; NH48
FactoryCluster_auto_23,Bilaspur Logistics Hub,False,NH48,2.0,H_NEIGHBOR(r=2km),21.47,H_CHAIN_ACCESS(distance=21.5km),H_NEIGHBOR(r=2km); H_CHAIN_ACCESS(distance=21.5km),High,unnamed; NH48; unnamed; NH48
FactoryCluster_auto_11,Farrukhnagar Logistics Hub,False,,,,21.59,H_CHAIN_ACCESS(distance=21.6km),H_CHAIN_ACCESS(distance=21.6km),High,Delhi Western Peripheral Expressway; unnamed; SH15A; unnamed; SH15A; unnamed
FactoryCluster_auto_25,LogisticsCluster_auto_13,False,SH15A,5.0,H_NEIGHBOR(r=5km),21.78,H_CHAIN_ACCESS(distance=21.8km),H_NEIGHBOR(r=5km); H_CHAIN_ACCESS(distance=21.8km),High,unnamed; Flyover; Delhi-Gurugram Expressway Ramp; NH48; unnamed; NH248BB
FactoryCluster_auto_7,Farrukhnagar Logistics Hub,False,SH15A,5.0,H_NEIGHBOR(r=5km),21.96,H_CHAIN_ACCESS(distance=22.0km),H_NEIGHBOR(r=5km); H_CHAIN_ACCESS(distance=22.0km),High,NH352W; unnamed; Delhi Western Peripheral Expressway; unnamed; SH15A; unnamed; SH15A; unnamed
FactoryCluster_auto_8,LogisticsCluster_auto_14,False,Delhi Western Peripheral Expressway,4.0,H_NEIGHBOR(r=4km),22.24,H_CHAIN_ACCESS(distance=22.2km),H_NEIGHBOR(r=4km); H_CHAIN_ACCESS(distance=22.2km),High,NH48; unnamed; Delhi Western Peripheral Expressway; unnamed; NH352W
FactoryCluster_auto_29,LogisticsCluster_auto_14,False,,,,22.69,H_CHAIN_ACCESS(distance=22.7km),H_CHAIN_ACCESS(distance=22.7km),High,Delhi Western Peripheral Expressway; unnamed; NH352W
Udyog Vihar,LogisticsCluster_auto_13,False,,,,22.78,H_CHAIN_ACCESS(distance=22.8km),H_CHAIN_ACCESS(distance=22.8km),High,NH48; unnamed; NH248BB
FactoryCluster_auto_0,Bilaspur Logistics Hub,False,NH48,2.0,H_NEIGHBOR(r=2km),23.54,H_CHAIN_ACCESS(distance=23.5km),H_NEIGHBOR(r=2km); H_CHAIN_ACCESS(distance=23.5km),High,unnamed; NH48; unnamed; NH48
FactoryCluster_auto_30,LogisticsCluster_auto_14,False,SH15A,5.0,H_NEIGHBOR(r=5km),23.58,H_CHAIN_ACCESS(distance=23.6km),H_NEIGHBOR(r=5km); H_CHAIN_ACCESS(distance=23.6km),High,unnamed; SH15A; unnamed; SH15A; unnamed; Delhi Western Peripheral Expressway; unnamed; NH352W
FactoryCluster_auto_18,Farrukhnagar Logistics Hub,False,SH15A,2.0,H_NEIGHBOR(r=2km),23.76,H_CHAIN_ACCESS(distance=23.8km),H_NEIGHBOR(r=2km); H_CHAIN_ACCESS(distance=23.8km),High,SH26; SH15A; unnamed; SH15A; unnamed; SH15A; unnamed; SH15A; unnamed
FactoryCluster_auto_20,LogisticsCluster_auto_13,False,,,,24.2,H_CHAIN_ACCESS(distance=24.2km),H_CHAIN_ACCESS(distance=24.2km),High,NH48; unnamed; NH48; unnamed; NH248BB
FactoryCluster_auto_11,LogisticsCluster_auto_13,False,,,,24.25,H_CHAIN_ACCESS(distance=24.3km),H_CHAIN_ACCESS(distance=24.3km),High,unnamed; NH48; unnamed; NH248BB
FactoryCluster_auto_20,Farrukhnagar Logistics Hub,False,,,,24.31,H_CHAIN_ACCESS(distance=24.3km),H_CHAIN_ACCESS(distance=24.3km),High,NH48; unnamed; Delhi Western Peripheral Expressway; unnamed; SH15A; unnamed; SH15A; unnamed
FactoryCluster_auto_22,Luhari Logistics Estate,False,,,,24.33,H_CHAIN_ACCESS(distance=24.3km),H_CHAIN_ACCESS(distance=24.3km),High,unnamed; NH352W; unnamed
FactoryCluster_auto_15,LogisticsCluster_auto_13,False,,,,24.49,H_CHAIN_ACCESS(distance=24.5km),H_CHAIN_ACCESS(distance=24.5km),High,unnamed; NH48; unnamed; NH248BB
FactoryCluster_auto_4,Bilaspur Logistics Hub,False,,,,24.64,H_CHAIN_ACCESS(distance=24.6km),H_CHAIN_ACCESS(distance=24.6km),High,NH352W; unnamed; Delhi Western Peripheral Expressway; unnamed; NH48
FactoryCluster_auto_9,Luhari Logistics Estate,False,,,,24.67,H_CHAIN_ACCESS(distance=24.7km),H_CHAIN_ACCESS(distance=24.7km),High,NH352W
FactoryCluster_auto_9,LogisticsCluster_auto_14,False,NH352W,2.0,H_NEIGHBOR(r=2km),28.46,H_CHAIN_ACCESS(distance=28.5km),H_NEIGHBOR(r=2km); H_CHAIN_ACCESS(distance=28.5km),High,NH352W; unnamed; NH352W
FactoryCluster_auto_18,Bilaspur Logistics Hub,False,NH48,2.0,H_NEIGHBOR(r=2km),29.99,H_CHAIN_ACCESS(distance=30.0km),H_NEIGHBOR(r=2km); H_CHAIN_ACCESS(distance=30.0km),High,unnamed; SH26; NH352W; unnamed; Delhi Western Peripheral Expressway; unnamed; NH48
FactoryCluster_auto_16,Bilaspur Logistics Hub,False,NH48,2.0,H_NEIGHBOR(r=2km),30.4,H_CHAIN_ACCESS(distance=30.4km),H_NEIGHBOR(r=2km); H_CHAIN_ACCESS(distance=30.4km),High,Exit 16; NH48
FactoryCluster_auto_21,LogisticsCluster_auto_13,False,NH352W,3.0,H_NEIGHBOR(r=3km),32.08,H_CHAIN_ACCESS(distance=32.1km),H_NEIGHBOR(r=3km); H_CHAIN_ACCESS(distance=32.1km),High,unnamed; NH352W; unnamed; Delhi Western Peripheral Expressway; unnamed; NH48; unnamed; NH248BB
FactoryCluster_auto_22,LogisticsCluster_auto_13,False,NH352W,3.0,H_NEIGHBOR(r=3km),33.18,H_CHAIN_ACCESS(distance=33.2km),H_NEIGHBOR(r=3km); H_CHAIN_ACCESS(distance=33.2km),High,unnamed; Delhi Western Peripheral Expressway; unnamed; NH48; unnamed; NH248BB
FactoryCluster_auto_0,LogisticsCluster_auto_14,False,NH352W,3.0,H_NEIGHBOR(r=3km),33.52,H_CHAIN_ACCESS(distance=33.5km),H_NEIGHBOR(r=3km); H_CHAIN_ACCESS(distance=33.5km),High,unnamed; NH48; unnamed; NH48; unnamed; Delhi Western Peripheral Expressway; unnamed; NH352W
FactoryCluster_auto_25,Bilaspur Logistics Hub,False,NH48,2.0,H_NEIGHBOR(r=2km),34.1,H_CHAIN_ACCESS(distance=34.1km),H_NEIGHBOR(r=2km); H_CHAIN_ACCESS(distance=34.1km),High,unnamed; Flyover; Delhi-Gurugram Expressway Ramp; NH48
Udyog Vihar,Bilaspur Logistics Hub,True,NH48,2.0,H_NEIGHBOR(r=2km),35.11,H_CHAIN_ACCESS(distance=35.1km),H_NEIGHBOR(r=2km); H_CHAIN_ACCESS(distance=35.1km),High,NH48
FactoryCluster_auto_15,Bilaspur Logistics Hub,False,NH48,2.0,H_NEIGHBOR(r=2km),36.82,H_CHAIN_ACCESS(distance=36.8km),H_NEIGHBOR(r=2km); H_CHAIN_ACCESS(distance=36.8km),High,unnamed; NH48
FactoryCluster_auto_7,LogisticsCluster_auto_13,False,NH352W,3.0,H_NEIGHBOR(r=3km),37.61,H_CHAIN_ACCESS(distance=37.6km),H_NEIGHBOR(r=3km); H_CHAIN_ACCESS(distance=37.6km),High,NH352W; unnamed; Delhi Western Peripheral Expressway; unnamed; NH48; unnamed; NH248BB
FactoryCluster_auto_0,Farrukhnagar Logistics Hub,False,SH15A,3.0,H_NEIGHBOR(r=3km),40.27,,H_NEIGHBOR(r=3km),High,unnamed; NH48; unnamed; NH48; unnamed; Delhi Western Peripheral Expressway; unnamed; SH15A; unnamed; SH15A; unnamed
FactoryCluster_auto_4,LogisticsCluster_auto_13,False,NH352W,3.0,H_NEIGHBOR(r=3km),41.09,,H_NEIGHBOR(r=3km),High,NH352W; unnamed; Delhi Western Peripheral Expressway; unnamed; NH48; unnamed; NH248BB
FactoryCluster_auto_24,LogisticsCluster_auto_13,False,NH352W,3.0,H_NEIGHBOR(r=3km),42.62,,H_NEIGHBOR(r=3km),High,NH352W; unnamed; NH352W; unnamed; Delhi Western Peripheral Expressway; unnamed; NH48; unnamed; NH248BB
FactoryCluster_auto_18,LogisticsCluster_auto_13,False,NH352W,3.0,H_NEIGHBOR(r=3km),46.44,,H_NEIGHBOR(r=3km),High,unnamed; SH26; NH352W; unnamed; Delhi Western Peripheral Expressway; unnamed; NH48; unnamed; NH248BB
FactoryCluster_auto_16,Farrukhnagar Logistics Hub,False,SH15A,3.0,H_NEIGHBOR(r=3km),47.12,,H_NEIGHBOR(r=3km),High,Exit 16; NH48; unnamed; Delhi Western Peripheral Expressway; unnamed; SH15A; unnamed; SH15A; unnamed
FactoryCluster_auto_12,LogisticsCluster_auto_13,False,NH248BB,2.0,H_NEIGHBOR(r=2km),50.11,,H_NEIGHBOR(r=2km),High,SH15A; SH26; unnamed; SH26; NH352W; unnamed; Delhi Western Peripheral Expressway; unnamed; NH48; unnamed; NH248BB
FactoryCluster_auto_9,LogisticsCluster_auto_13,False,NH352W,3.0,H_NEIGHBOR(r=3km),53.06,,H_NEIGHBOR(r=3km),High,NH352W; unnamed; NH352W; unnamed; Delhi Western Peripheral Expressway; unnamed; NH48; unnamed; NH248BB
FactoryCluster_auto_10,Bilaspur Logistics Hub,False,NH48,2.0,H_NEIGHBOR(r=2km),,,H_NEIGHBOR(r=2km),High,
FactoryCluster_auto_17,Bilaspur Logistics Hub,False,NH48,2.0,H_NEIGHBOR(r=2km),,,H_NEIGHBOR(r=2km),High,
FactoryCluster_auto_4,Farrukhnagar Logistics Hub,False,,,,25.34,H_CHAIN_ACCESS(distance=25.3km),H_CHAIN_ACCESS(distance=25.3km),Medium,NH352W; unnamed; Delhi Western Peripheral Expressway; unnamed; SH15A; unnamed; SH15A; unnamed
FactoryCluster_auto_24,Bilaspur Logistics Hub,False,,,,26.16,H_CHAIN_ACCESS(distance=26.2km),H_CHAIN_ACCESS(distance=26.2km),Medium,NH352W; unnamed; NH352W; unnamed; Delhi Western Peripheral Expressway; unnamed; NH48
IMT Manesar,LogisticsCluster_auto_14,False,Delhi Western Peripheral Expressway,4.0,H_NEIGHBOR(r=4km),26.31,H_CHAIN_ACCESS(distance=26.3km),H_NEIGHBOR(r=4km); H_CHAIN_ACCESS(distance=26.3km),Medium,unnamed; NH48; unnamed; Delhi Western Peripheral Expressway; unnamed; NH352W
FactoryCluster_auto_7,Luhari Logistics Estate,False,,,,26.8,H_CHAIN_ACCESS(distance=26.8km),H_CHAIN_ACCESS(distance=26.8km),Medium,NH352W; unnamed
FactoryCluster_auto_24,Farrukhnagar Logistics Hub,False,,,,26.87,H_CHAIN_ACCESS(distance=26.9km),H_CHAIN_ACCESS(distance=26.9km),Medium,NH352W; unnamed; NH352W; unnamed; Delhi Western Peripheral Expressway; unnamed; SH15A; unnamed; SH15A; unnamed
FactoryCluster_auto_11,Luhari Logistics Estate,False,,,,28.64,H_CHAIN_ACCESS(distance=28.6km),H_CHAIN_ACCESS(distance=28.6km),Medium,Delhi Western Peripheral Expressway; unnamed; NH352W; unnamed
FactoryCluster_auto_8,LogisticsCluster_auto_13,False,,,,28.67,H_CHAIN_ACCESS(distance=28.7km),H_CHAIN_ACCESS(distance=28.7km),Medium,NH48; unnamed; NH48; unnamed; NH248BB
Sohna Industrial Area,LogisticsCluster_auto_14,False,,,,28.73,H_CHAIN_ACCESS(distance=28.7km),H_CHAIN_ACCESS(distance=28.7km),Medium,NH248A; unnamed; Sohna Road; unnamed; SH15A; SH26; NH352W
FactoryCluster_auto_8,Farrukhnagar Logistics Hub,False,,,,28.79,H_CHAIN_ACCESS(distance=28.8km),H_CHAIN_ACCESS(distance=28.8km),Medium,NH48; unnamed; Delhi Western Peripheral Expressway; unnamed; SH15A; unnamed; SH15A; unnamed
FactoryCluster_auto_30,Bilaspur Logistics Hub,False,,,,29.15,H_CHAIN_ACCESS(distance=29.1km),H_CHAIN_ACCESS(distance=29.1km),Medium,unnamed; SH15A; unnamed; SH15A; unnamed; Delhi Western Peripheral Expressway; unnamed; NH48
FactoryCluster_auto_5,LogisticsCluster_auto_13,False,,,,29.28,H_CHAIN_ACCESS(distance=29.3km),H_CHAIN_ACCESS(distance=29.3km),Medium,MDR137; Link to Faridabad Road; NH148A; Flyover; Delhi-Gurugram Expressway Ramp; NH48; unnamed; NH248BB
FactoryCluster_auto_29,LogisticsCluster_auto_13,False,,,,29.4,H_CHAIN_ACCESS(distance=29.4km),H_CHAIN_ACCESS(distance=29.4km),Medium,Delhi Western Peripheral Expressway; unnamed; NH48; unnamed; NH48; unnamed; NH248BB
FactoryCluster_auto_29,Farrukhnagar Logistics Hub,False,,,,29.45,H_CHAIN_ACCESS(distance=29.5km),H_CHAIN_ACCESS(distance=29.5km),Medium,Delhi Western Peripheral Expressway; unnamed; SH15A; unnamed; SH15A; unnamed
FactoryCluster_auto_27,LogisticsCluster_auto_14,False,,,,30.27,H_CHAIN_ACCESS(distance=30.3km),H_CHAIN_ACCESS(distance=30.3km),Medium,unnamed; NH48; unnamed; Delhi Western Peripheral Expressway; unnamed; NH352W
FactoryCluster_auto_23,LogisticsCluster_auto_14,False,,,,31.44,H_CHAIN_ACCESS(distance=31.4km),H_CHAIN_ACCESS(distance=31.4km),Medium,unnamed; NH48; unnamed; NH48; unnamed; Delhi Western Peripheral Expressway; unnamed; NH352W
FactoryCluster_auto_20,Luhari Logistics Estate,False,,,,31.57,H_CHAIN_ACCESS(distance=31.6km),H_CHAIN_ACCESS(distance=31.6km),Medium,NH48; unnamed; Delhi Western Peripheral Expressway; unnamed; NH352W; unnamed
IMT Manesar,Farrukhnagar Logistics Hub,True,,,,33.07,H_CHAIN_ACCESS(distance=33.1km),H_CHAIN_ACCESS(distance=33.1km),Medium,unnamed; NH48; unnamed; Delhi Western Peripheral Expressway; unnamed; SH15A; unnamed; SH15A; unnamed
FactoryCluster_auto_12,Bilaspur Logistics Hub,False,NH48,4.0,H_NEIGHBOR(r=4km),33.66,H_CHAIN_ACCESS(distance=33.7km),H_NEIGHBOR(r=4km); H_CHAIN_ACCESS(distance=33.7km),Medium,SH15A; SH26; unnamed; SH26; NH352W; unnamed; Delhi Western Peripheral Expressway; unnamed; NH48
FactoryCluster_auto_28,LogisticsCluster_auto_14,False,,,,34.1,H_CHAIN_ACCESS(distance=34.1km),H_CHAIN_ACCESS(distance=34.1km),Medium,NH248A; Sohna Road; unnamed; SH15A; SH26; NH352W
FactoryCluster_auto_18,Luhari Logistics Estate,False,,,,35.63,H_CHAIN_ACCESS(distance=35.6km),H_CHAIN_ACCESS(distance=35.6km),Medium,unnamed; SH26; NH352W; unnamed
FactoryCluster_auto_8,Luhari Logistics Estate,False,,,,36.04,H_CHAIN_ACCESS(distance=36.0km),H_CHAIN_ACCESS(distance=36.0km),Medium,NH48; unnamed; Delhi Western Peripheral Expressway; unnamed; NH352W; unnamed
FactoryCluster_auto_29,Luhari Logistics Estate,False,,,,36.49,H_CHAIN_ACCESS(distance=36.5km),H_CHAIN_ACCESS(distance=36.5km),Medium,Delhi Western Peripheral Expressway; unnamed; NH352W; unnamed
FactoryCluster_auto_9,Bilaspur Logistics Hub,False,,,,36.61,H_CHAIN_ACCESS(distance=36.6km),H_CHAIN_ACCESS(distance=36.6km),Medium,NH352W; unnamed; NH352W; unnamed; Delhi Western Peripheral Expressway; unnamed; NH48
FactoryCluster_auto_27,Farrukhnagar Logistics Hub,False,,,,37.03,H_CHAIN_ACCESS(distance=37.0km),H_CHAIN_ACCESS(distance=37.0km),Medium,unnamed; NH48; unnamed; Delhi Western Peripheral Expressway; unnamed; SH15A; unnamed; SH15A; unnamed
FactoryCluster_auto_30,Luhari Logistics Estate,False,,,,37.28,H_CHAIN_ACCESS(distance=37.3km),H_CHAIN_ACCESS(distance=37.3km),Medium,unnamed; SH15A; unnamed; SH15A; unnamed; Delhi Western Peripheral Expressway; unnamed; NH352W; unnamed
FactoryCluster_auto_9,Farrukhnagar Logistics Hub,False,,,,37.32,H_CHAIN_ACCESS(distance=37.3km),H_CHAIN_ACCESS(distance=37.3km),Medium,NH352W; unnamed; NH352W; unnamed; Delhi Western Peripheral Expressway; unnamed; SH15A; unnamed; SH15A; unnamed
Sohna Industrial Area,Farrukhnagar Logistics Hub,True,,,,37.71,H_CHAIN_ACCESS(distance=37.7km),H_CHAIN_ACCESS(distance=37.7km),Medium,NH248A; unnamed; Sohna Road; unnamed; SH15A; unnamed; SH15A; unnamed; SH15A; unnamed; SH15A; unnamed; SH15A; unnamed
FactoryCluster_auto_23,Farrukhnagar Logistics Hub,False,,,,38.2,H_CHAIN_ACCESS(distance=38.2km),H_CHAIN_ACCESS(distance=38.2km),Medium,unnamed; NH48; unnamed; NH48; unnamed; Delhi Western Peripheral Expressway; unnamed; SH15A; unnamed; SH15A; unnamed
FactoryCluster_auto_12,Luhari Logistics Estate,False,,,,39.31,H_CHAIN_ACCESS(distance=39.3km),H_CHAIN_ACCESS(distance=39.3km),Medium,SH15A; SH26; unnamed; SH26; NH352W; unnamed
FactoryCluster_auto_16,LogisticsCluster_auto_14,False,SH15A,5.0,H_NEIGHBOR(r=5km),40.36,,H_NEIGHBOR(r=5km),Medium,Exit 16; NH48; unnamed; Delhi Western Peripheral Expressway; unnamed; NH352W
FactoryCluster_auto_25,LogisticsCluster_auto_14,False,SH15A,5.0,H_NEIGHBOR(r=5km),44.07,,H_NEIGHBOR(r=5km),Medium,unnamed; Flyover; Delhi-Gurugram Expressway Ramp; NH48; unnamed; Delhi Western Peripheral Expressway; unnamed; NH352W
FactoryCluster_auto_30,LogisticsCluster_auto_13,False,SH15A,5.0,H_NEIGHBOR(r=5km),45.98,,H_NEIGHBOR(r=5km),Medium,unnamed; SH15A; unnamed; SH15A; unnamed; Delhi Western Peripheral Expressway; unnamed; NH48; unnamed; NH248BB
FactoryCluster_auto_25,Farrukhnagar Logistics Hub,False,SH15A,5.0,H_NEIGHBOR(r=5km),50.83,,H_NEIGHBOR(r=5km),Medium,unnamed; Flyover; Delhi-Gurugram Expressway Ramp; NH48; unnamed; Delhi Western Peripheral Expressway; unnamed; SH15A; unnamed; SH15A; unnamed
IMT Manesar,Luhari Logistics Estate,True,,,,40.11,,,None,unnamed; NH48; unnamed; Delhi Western Peripheral Expressway; unnamed; NH352W; unnamed
FactoryCluster_auto_5,Bilaspur Logistics Hub,False,,,,41.6,,,None,MDR137; Link to Faridabad Road; NH148A; Flyover; Delhi-Gurugram Expressway Ramp; NH48
FactoryCluster_auto_28,Farrukhnagar Logistics Hub,False,,,,43.08,,,None,NH248A; Sohna Road; unnamed; SH15A; unnamed; SH15A; unnamed; SH15A; unnamed; SH15A; unnamed; SH15A; unnamed
FactoryCluster_auto_27,Luhari Logistics Estate,False,,,,44.07,,,None,unnamed; NH48; unnamed; Delhi Western Peripheral Expressway; unnamed; NH352W; unnamed
Udyog Vihar,LogisticsCluster_auto_14,False,,,,45.07,,,None,NH48; unnamed; Delhi Western Peripheral Expressway; unnamed; NH352W
FactoryCluster_auto_23,Luhari Logistics Estate,False,,,,45.25,,,None,unnamed; NH48; unnamed; NH48; unnamed; Delhi Western Peripheral Expressway; unnamed; NH352W; unnamed
Sohna Industrial Area,Bilaspur Logistics Hub,True,,,,46.16,,,None,NH248A; unnamed; Sohna Road; unnamed; SH15A; SH26; NH352W; unnamed; Delhi Western Peripheral Expressway; unnamed; NH48
FactoryCluster_auto_15,LogisticsCluster_auto_14,False,,,,46.78,,,None,unnamed; NH48; unnamed; Delhi Western Peripheral Expressway; unnamed; NH352W
FactoryCluster_auto_0,Luhari Logistics Estate,False,,,,47.32,,,None,unnamed; NH48; unnamed; NH48; unnamed; Delhi Western Peripheral Expressway; unnamed; NH352W; unnamed
FactoryCluster_auto_28,Bilaspur Logistics Hub,False,,,,51.54,,,None,NH248A; Sohna Road; unnamed; SH15A; SH26; NH352W; unnamed; Delhi Western Peripheral Expressway; unnamed; NH48
FactoryCluster_auto_5,LogisticsCluster_auto_14,False,,,,51.57,,,None,MDR137; Link to Faridabad Road; NH148A; Flyover; Delhi-Gurugram Expressway Ramp; NH48; unnamed; Delhi Western Peripheral Expressway; unnamed; NH352W
Sohna Industrial Area,Luhari Logistics Estate,True,,,,51.8,,,None,NH248A; unnamed; Sohna Road; unnamed; SH15A; SH26; NH352W; unnamed
Udyog Vihar,Farrukhnagar Logistics Hub,True,,,,51.83,,,None,NH48; unnamed; Delhi Western Peripheral Expressway; unnamed; SH15A; unnamed; SH15A; unnamed
FactoryCluster_auto_15,Farrukhnagar Logistics Hub,False,,,,53.54,,,None,unnamed; NH48; unnamed; Delhi Western Peripheral Expressway; unnamed; SH15A; unnamed; SH15A; unnamed
FactoryCluster_auto_16,Luhari Logistics Estate,False,,,,54.17,,,None,Exit 16; NH48; unnamed; Delhi Western Peripheral Expressway; unnamed; NH352W; unnamed
FactoryCluster_auto_28,Luhari Logistics Estate,False,,,,57.18,,,None,NH248A; Sohna Road; unnamed; SH15A; SH26; NH352W; unnamed
FactoryCluster_auto_25,Luhari Logistics Estate,False,,,,57.87,,,None,unnamed; Flyover; Delhi-Gurugram Expressway Ramp; NH48; unnamed; Delhi Western Peripheral Expressway; unnamed; NH352W; unnamed
FactoryCluster_auto_5,Farrukhnagar Logistics Hub,False,,,,58.33,,,None,MDR137; Link to Faridabad Road; NH148A; Flyover; Delhi-Gurugram Expressway Ramp; NH48; unnamed; Delhi Western Peripheral Expressway; unnamed; SH15A; unnamed; SH15A; unnamed
Udyog Vihar,Luhari Logistics Estate,True,,,,58.87,,,None,NH48; unnamed; Delhi Western Peripheral Expressway; unnamed; NH352W; unnamed
FactoryCluster_auto_15,Luhari Logistics Estate,False,,,,60.58,,,None,unnamed; NH48; unnamed; Delhi Western Peripheral Expressway; unnamed; NH352W; unnamed
Sohna Industrial Area,LogisticsCluster_auto_13,False,,,,62.61,,,None,NH248A; unnamed; Sohna Road; unnamed; SH15A; SH26; NH352W; unnamed; Delhi Western Peripheral Expressway; unnamed; NH48; unnamed; NH248BB
FactoryCluster_auto_5,Luhari Logistics Estate,False,,,,65.37,,,None,MDR137; Link to Faridabad Road; NH148A; Flyover; Delhi-Gurugram Expressway Ramp; NH48; unnamed; Delhi Western Peripheral Expressway; unnamed; NH352W; unnamed
FactoryCluster_auto_28,LogisticsCluster_auto_13,False,,,,67.99,,,None,NH248A; Sohna Road; unnamed; SH15A; SH26; NH352W; unnamed; Delhi Western Peripheral Expressway; unnamed; NH48; unnamed; NH248BB
